x1,x2,x3,x4,x5,x6,y
-0.5983877695953221,0.30047067426674456,-0.2501840215578012,-0.7068405739357465,1.0,0.2924504623445866,2.9702107080263747
0.5948828179515497,-1.0,0.17975732011504436,-1.0,-0.4887183010237586,-0.011673036882978494,2.926722482094668
0.5450720879091862,0.5888892667166153,-1.0,-0.3404046496379546,0.8631346116346401,-0.4093118185112065,-2.4006832208441677
1.0,-0.18005112010499258,0.3272533985877455,1.0,1.0,-0.03545066273947768,-3.063910336879956
-0.5447602143750958,-0.49750882767111937,-0.690986454650929,0.033433387407509674,0.7305891190688953,0.15509265670428657,-0.19135475137767927
1.0,0.6270509016184729,1.0,1.0,-0.10975460792085051,-0.2630191634698639,0.32103364937699974
0.02647340975880909,0.8175708619896147,0.21255105214728864,-0.4486740700472511,-0.838763368400969,-0.4538857398120033,0.11569371493275997
-1.0,1.0,-1.0,-1.0,0.36481413913454064,-0.35206897427232925,0.6098395170065236
-1.0,-1.0,-0.052016535847344,-0.43168709547394224,-1.0,-1.0,3.4238270875888155
0.7808844425694992,-1.0,0.5725565803676959,0.8272440341393001,-0.40733626651651306,-0.3407497668027529,4.737363938591899
-1.0,0.14233343873120213,-1.0,0.9942642884625322,-1.0,-0.031864041489215844,-3.9327887159769075
-1.0,-0.22226107740025314,-0.6567143272103686,-1.0,0.8143249316709336,0.0013521864617001,1.38882991474141
0.42469075344582463,1.0,1.0,1.0,-1.0,0.09499462918792723,-0.012022095617973525
-0.7263318279498743,-0.917183403993125,-0.9193089220499979,-1.0,-0.8467897006061049,-0.352362613342333,-0.46459269185037266
-0.49329020881175156,-1.0,-0.6591879218684921,0.1751285909695454,-0.5453839584472423,0.03990166175835602,-2.034012432433497
-1.0,-0.05617521781426715,-1.0,-1.0,-1.0,-0.6822211307549263,-0.7418004858419835
-1.0,-0.6126298296227813,0.2739441589417527,-1.0,-1.0,-1.0,2.6949207903509125
1.0,1.0,0.60389878444399,0.20274894269956018,1.0,1.0,-1.9604598768848351
-0.976798998429357,-0.30505778936898037,-0.15882762963873054,0.6139526908843833,1.0,0.8337592043624533,4.196969558464431
-0.05471361883785819,0.4882125383801421,1.0,-1.0,1.0,1.0,1.6944808806261005
-0.415648866710885,-1.0,-0.8035520038667717,-0.7668033826919777,0.508384691941096,-0.638499718445297,-0.7223732967897636
-0.9851502534803633,-0.890945519023392,-1.0,-1.0,-0.9364039287338359,-0.59846624781618,0.4060339303968172
0.5447190754006183,0.6721465566974574,1.0,0.3105551932828109,1.0,0.08210139249138582,-3.862938774687927
-0.8758905016959648,-1.0,-0.22661204763034482,-0.5065878467204981,0.252283547983288,0.0031794367866684325,-0.7049001511819326
-1.0,-0.9652583456142083,-0.45008668938677465,-0.33114632895449236,0.2973976749159676,0.4757949950817767,-1.0207065367199604
0.22084999909890612,0.10143194520136711,-0.4657302546865101,-0.289330036836771,0.16010473056164087,0.8322125144358883,2.6286354179041154
0.3259195888605333,1.0,0.23727642694342066,0.7941218672457715,0.7272315680530154,1.0,2.5906022927303978
-0.7175830144905367,-0.6547011211674049,0.41303589881562025,-0.33726340428181484,0.34613073555324225,-0.03245195873050699,1.0974366732825809
-0.0565991406511695,0.5847870154522062,0.1204672273544588,-0.21178679347524831,-0.4802623282316847,0.8127295945211575,1.978443600346182
-1.0,-0.5253810836893015,-0.9144757538814374,-1.0,-0.8580731292403496,0.826438740110366,0.0303714003405382
-0.7212554769923281,0.600868204776273,1.0,1.0,-0.057468973159953585,0.008755441297051081,-3.139258225324919
0.7182105807218822,1.0,-0.6269206306667519,0.5312026158395466,-0.05949504495600422,0.16353909276179224,1.7994498819549005
-1.0,-0.24464832826240113,0.06615316419227013,-0.544746636889012,-0.35434441953678775,-1.0,2.7729863712193583
-0.4674704847268405,1.0,1.0,0.5906169348979526,0.820539396616496,0.04444462113283376,-3.6212084100748103
0.30439054368013274,1.0,0.7784167809078713,1.0,-1.0,-0.04951695388269539,1.9060259602754683
0.5006479914307143,0.8974682038651738,1.0,1.0,0.6400803256887639,-1.0,-3.2309884044724453
-0.36908820536716863,1.0,0.11279311417146731,-0.42127714435988084,0.28137494423932613,-0.12803659870440579,0.17725435510409815
-1.0,0.858881604101985,-1.0,-0.641522187333246,-1.0,-0.8128635947618996,-0.24081883967391382
-0.01170626548479628,-0.0829857850858901,0.3947353998611052,-0.7572890357039593,0.00790350273257797,-0.022269260485772713,0.07747152153530285
0.5530910329405045,-1.0,-1.0,-0.3904389483921201,-1.0,-0.5013563239335077,2.988211755134224
0.761117323373043,0.4282673851198127,-0.8499028964668218,1.0,0.3330017281408235,-1.0,0.6594853170548647
-0.11135959075298318,1.0,0.007825406478352948,0.9845287838722583,-0.9613412455057998,1.0,2.566863025180442
1.0,1.0,0.45974091212679036,0.2566057734243721,-1.0,0.48763498073911815,2.2215262976220496
-0.49693826857603307,0.002466068757922435,-0.1194446166390748,-1.0,-1.0,-0.937880690921238,1.5489504439144968
1.0,0.9138705992236589,1.0,0.4002958256449325,-0.49397507256179807,0.7356532232745336,-0.780426663535034
0.08305094159287096,-0.32939540160358755,-0.34755602227173454,-0.7475736136714315,-0.41147752906685264,-0.6483720750060349,1.8012370871474888
-1.0,-0.7780604417074126,-1.0,-0.5610996224460374,-0.9884997322880151,0.2286857607618371,-3.9495991195632936
-1.0,-0.3574189073359988,-1.0,-0.1291807672417431,-0.645329453961826,0.2771213404331204,-2.6493725523940443
0.6134815709302812,1.0,0.6783865327746648,0.6424651417042404,-1.0,-0.18702642128863922,1.6760189841184114
-0.3707496696186183,-0.16629009940684125,-1.0,-1.0,0.6558613525902887,0.3758442651237901,0.3295094369222562
-0.6920841065190267,-1.0,-0.2121613237559453,-1.0,-0.7233099063280699,-1.0,5.491255924257661
-0.5021557854950961,0.6521221055276882,-0.3749795775610274,-0.7452183132157955,-0.9529607113127738,-0.4188004185755809,-0.24229838776279733
-1.0,-0.3181962396857816,0.05228065480420625,-0.18477246573721362,0.6280441474990259,0.9022409899833674,3.2689139648918335
1.0,-0.0747747925836656,-0.640467595000503,-1.0,0.4237428742450351,0.7925162325497096,-0.21163132119793293
1.0,1.0,0.5554381668813628,0.24667534273506497,1.0,1.0,-1.7727934045753286
-1.0,-1.0,-1.0,-1.0,1.0,-0.9874495709619676,2.8061220039341093
0.21075941715926583,0.46440014218311365,0.3529017011455904,-0.05663834635204601,1.0,1.0,2.4729947434233557
-0.4765140097371602,1.0,-1.0,-0.5848675009332038,-1.0,-1.0,1.884151063624581
-0.8170277036040398,-0.25447548255575436,0.3829034530937676,-0.971715606629735,0.10636238968081346,1.0,-0.7467871320281138
-0.25146635609708534,0.3181425113381324,-1.0,0.5917038492843819,0.5573322029553399,1.0,8.49421362917637
-1.0,0.11158970199836488,0.6582101564105818,0.22600459305668652,-0.6191114912264466,1.0,-3.7567591090231787
1.0,0.5177987748975541,1.0,1.0,0.21987131112378178,-0.10424012388602533,-1.6468346021932492
0.7524801829770642,0.5673041152864562,0.11797562355986535,1.0,-0.11596335875797492,-1.0,6.590852754676529
-0.21234447894589753,-1.0,-0.3419379922489286,-0.3782766136760376,-0.28130431270869827,-0.21932673494980515,-0.3558671271802172
-0.7523324853179467,-0.7084919266734127,-0.8579172339093979,-0.14729899568687288,0.4945981831344288,0.14181442533942099,-0.40627100511293757
-0.1668559309068633,0.627889127330467,1.0,-0.09189489317729085,-1.0,-0.8241079346713898,-1.3912514527984814
-0.7051070447439733,-1.0,0.6210087026919087,0.5005514441495127,-1.0,-0.4104060863759472,0.8997721951469144
0.6119683781822367,1.0,0.6760397737271837,1.0,-0.6543423309232685,0.20475402972802453,1.0442126715780256
-0.7937537607621534,0.4183508644036352,-0.8772649713310766,-0.7513806818918691,0.012160692617884772,0.773564658004104,3.8202769887766515
-1.0,-0.9601896079482717,-1.0,-1.0,-1.0,-0.8133803156525093,1.2143223655510011
-0.4100184682896622,-0.49061099048357576,0.40959880494105216,1.0,1.0,1.0,4.411423598241286
0.6817157790940677,0.35803768560201465,0.6829561311248977,-0.5906919654292148,1.0,1.0,-0.26808978868772715
-1.0,-0.06777059424403475,-1.0,-0.39932220085261455,1.0,-0.18496577945377532,0.13137160719548868
0.9877087709373893,1.0,1.0,1.0,-0.13966810407352703,0.2951887855499006,-2.825522213221248
0.5653148192596944,-0.7253751548281708,1.0,0.7571341862714085,0.4692855376211964,-0.09931657897587043,-0.6227212281779945
-0.04349170342029293,-1.0,-0.05442515490825717,-0.2918664754138002,1.0,-0.28814231903833004,1.1093171447990502
0.1561972124584009,0.9279639622302083,1.0,-0.036193020913494856,-0.5955214460540771,0.23263930643645347,-1.9257311285585943
1.0,-0.12360642150364301,-1.0,-0.41305735493304424,0.5256950311950856,-0.26495942300055,-2.134231312678014
0.047946982074171834,-0.8693059996428054,-1.0,0.5686910634340715,0.6952774413105962,1.0,5.180865096999257
-1.0,-1.0,-1.0,-0.8897527988293477,0.3524589966449929,-0.4028177325436692,-4.783814795177027
0.6363140413606958,0.8718810814167473,-0.36594745477806273,0.10929421098629379,-0.7653739533960933,-0.8147189161181001,2.9055086942560737
-0.00899447855899349,-1.0,-0.35502050904611937,-0.6885840395145227,1.0,1.0,1.1927134238688843
1.0,1.0,0.9633371484245962,1.0,1.0,0.1961716821161099,-8.809918911438233
0.6857671690070366,0.28343078942975475,1.0,1.0,-0.266953976336074,-1.0,4.189238973857559
-0.28590384949502556,-0.5421761188661529,-0.44574039901542417,-0.26695977142182326,1.0,0.23214216896298034,0.341207481789705
0.06010775946086466,0.14033187088640364,-1.0,0.3141867142636745,0.642071309898137,1.0,6.574534046078041
1.0,0.26603131275892644,0.2655436181535231,1.0,1.0,1.0,0.27811533596122673
-1.0,-1.0,-1.0,0.35430284796742967,0.35867319903662803,1.0,3.13267994180746
-0.4412382234813902,-1.0,-1.0,-0.9715821693404607,-0.42030582583226106,0.01292076682541421,-3.4798038074405375
1.0,1.0,1.0,0.38567234858211874,1.0,0.9873473682503366,-6.314429479341009
-1.0,-0.057583351681134154,-1.0,0.39775366720228883,0.7551578277059596,0.24782106233529866,-0.08731842751818053
-1.0,-0.2127861277138292,-0.062207097153476054,-1.0,0.8392210354706087,0.9629409453246165,5.136531378997419
-1.0,0.27069290256191403,-1.0,0.9294516256494829,-0.08826449313448292,-0.13127072016352082,-1.0930506679737841
-0.5292222207172663,-1.0,-0.7359000929087862,-0.8826390441469574,1.0,0.12311337008346657,-3.239525867524267
0.7771139463995124,-0.3161420660095572,-0.19830145481351227,-1.0,0.439691651709446,0.09233646522102451,-1.371483031656613
-0.15687243228843273,-0.6223443706188556,-0.5510313811799509,-1.0,-0.8191451857487053,0.3494574975540441,1.383960851190938
-1.0,-0.8374045135046569,0.29213629752140724,-0.811531377851765,-1.0,-0.15849868687147556,1.5161740543692614
-0.5832466928286693,-0.21474575595206175,0.4340975923203422,-0.6757024195353615,0.053905534444122605,1.0,0.008717757786204178
-0.6290695810278641,-1.0,-1.0,-1.0,1.0,1.0,-1.1048493784338773
0.7953802672078607,1.0,-0.17322538692613734,-0.5517387893308565,0.7330872727276017,1.0,4.776677728357754
-0.606885944845433,-0.7123793763356059,-1.0,-0.010263547060528289,-0.6178001471816501,0.603869776355826,-1.1628950169870582
-1.0,-0.11629904448605521,-1.0,-0.23295971846648356,-0.033724287228016125,-0.44942049191006617,0.09919989024723473
0.18220136646894836,-1.0,0.3388291156828095,-0.40125285401007166,-1.0,-0.9794871405502714,7.050308971388019
0.8953343075705974,0.024067093967709896,-0.5513980262603209,0.08486014498562061,1.0,0.931413086411913,-0.9224056849801353
1.0,-0.7351103401647726,0.6168421062056125,0.7455683446969688,0.5104753057794076,-0.35216076185071155,-0.47264618570771827
1.0,1.0,1.0,0.4618257246565127,-0.09367157284310393,0.7231677913691024,-2.076621775330782
0.2841007487176823,0.7237363091556464,-0.9275735640698142,0.45135609233873636,-1.0,0.00647195750084506,1.258519082228702
0.12017433436489577,0.12195758222656128,-0.3434871842695188,-0.6344368966938199,-0.7864576689613397,0.8454946385105206,3.6219336312812986
0.9517182505490713,0.18677063222367107,0.16572238786337934,-0.22140855808610965,-1.0,0.0889711631974235,3.0408403171124365
1.0,1.0,0.5567481946556595,1.0,-0.21993392806309617,-0.18652120799148197,1.7255039991185837
-0.3505546704079189,1.0,1.0,1.0,-0.18466945949140323,-1.0,-0.0064249041812549645
1.0,1.0,0.4553853763152368,1.0,0.6850880919805754,-0.36206586119771644,-2.007629441298105
-1.0,-1.0,-1.0,-0.5507174089421836,-0.5141197791791434,-1.0,2.2997907800561523
-1.0,-0.46029541991269146,-0.12488544958157777,-1.0,0.7712341568022034,0.517069659848247,2.344257139266655
-0.2641056911458014,-0.4241911550533285,-0.37789378142148067,0.3228486694281734,-0.9120760428192134,-1.0,1.594011134212768
1.0,0.22015614255865135,0.4118526658701909,-1.0,-0.017040518758749457,-0.3663568614223454,0.6053576900871238
0.06277255493595502,0.3878038724784999,1.0,0.4142684710599065,0.2211388291455123,-0.7460054450586961,0.8044078937316529
0.03652344120337592,0.6611724027205041,0.49017069455019235,0.369355322610277,-1.0,-0.06828376956369464,-0.4294487778072653
0.9862133294518352,0.6014598935173865,-1.0,1.0,-0.24481448419235174,0.0006415904744555556,1.0043197080407638
0.1325599518523174,0.5633007151982075,0.8204663284193867,0.1928048596510974,-1.0,-1.0,0.2032950510213133
0.4935111241100917,0.6483398126272284,0.4468827412804043,-1.0,0.160584136770004,-1.0,0.9146166398775457
-1.0,0.8885360568196434,-0.49030310488785256,-1.0,-1.0,0.25530530089584647,2.4267776409821615
-0.5241097271347588,-0.2320075912288595,-1.0,-1.0,-1.0,1.0,7.198693772132241
-0.8010544709342022,-0.009586724099488353,-0.36611439354616404,-0.12759874146436534,-1.0,-0.2568154660533648,-1.2631163761860282
-0.1724683176695902,-0.22036173053079797,-0.7565421903982859,1.0,-0.36355023976973755,-1.0,2.838940971900727
-0.8611015248831153,-1.0,0.27074053136068316,-0.48447174827480394,-0.7012748692636086,0.29057872638403426,-0.5477208553010254
-1.0,-0.94370597377135,-1.0,-1.0,1.0,0.10272885202618243,-5.650669221765763
-0.7270164709939515,-1.0,-1.0,-1.0,1.0,0.02578423878640379,-5.567108733820791
0.8487249462096309,0.9126223034013072,0.22465985282764234,1.0,-1.0,0.7325514466789277,4.120647875695784
1.0,1.0,1.0,0.11268302512782308,-0.5310735867202486,-0.8249990465625431,2.5949941000012515
-0.07961619022016231,0.0851488147986077,1.0,1.0,-0.35809095626866305,-0.35511514359905033,-0.9954605779970441
-0.6092700449277677,0.19832862713888877,-0.615092334123434,0.0694719086694846,0.3959868322674558,-0.750943911252272,1.8871897187017026
-1.0,-1.0,0.16125884018184367,-0.4191624282583751,-0.9638262518598132,0.6091503753646131,-2.6998949833464807
-0.3323714241334518,-0.651307162759921,1.0,0.7229655520450802,-1.0,-0.7898615889068414,0.3631899165270255
0.318214258689436,0.2438080404558416,-0.6905654396652942,0.07348532798973412,0.7787729607346471,-0.02599084373690408,-0.934882050989303
0.691294718767188,0.31051676235450115,0.6646846089071916,-1.0,-1.0,-0.6761539864884953,5.806458119460566
-1.0,-0.48018409677181806,-0.09986401829596969,-0.40458722072154724,1.0,0.00010326985257869126,3.295754299742502
-0.9286920267324061,-0.7099689765000912,-0.13780997652419757,-1.0,1.0,0.29256626949442355,2.5639433928881514
1.0,1.0,-0.5306825203470964,1.0,0.12620278611969576,0.27756414650065453,1.8550371501370184
0.8773649000429455,1.0,1.0,-0.2695111804083499,0.22690970373159033,-0.7144112765851472,-2.7367877658271222
-0.7757879945282926,-1.0,0.012291498816368457,-0.7268112811915846,0.08588183014419415,0.6020853377903645,-1.942905941137571
-0.43627078980490397,-0.5388587069024697,-0.17125441148577936,0.14743795247755342,0.24393571927825164,-0.3349677503145927,2.1498467950322206
-0.4220981458179748,0.016149302733871718,1.0,0.639544677730529,-0.4550640395231015,-0.5100227908323245,0.11692542200483666
-1.0,-1.0,-1.0,-1.0,-0.6307303343819606,-0.8469375449740602,1.4907965359303728
0.36826000347534504,0.534455060694212,-0.9327620512123034,-0.7395863719286682,0.18457368490851522,-0.1569365854828983,-1.3411535954362763
-0.3614311436941233,-0.7971976978778879,-0.6777270096664937,-0.44548575027872084,-1.0,-0.02154420744718155,-1.1383282096913159
1.0,0.09147802274821926,1.0,1.0,0.35368534286224956,1.0,-3.6429788157328336
-0.022084572410379852,-0.18816695535000771,-0.6751487849000501,-0.3747312653693418,-0.8899463531795292,-0.04460143470331199,-0.42227073077808797
-1.0,-0.5917975837566427,-0.15039910197390743,1.0,0.9070507141600856,1.0,5.701602258902064
-1.0,-1.0,-0.7970060816937048,-1.0,-1.0,-1.0,5.180617835788478
0.9401910515238545,1.0,0.9862027948628438,0.5870522879347015,1.0,0.8084066975798607,-7.426162401224897
-0.3967539847703616,0.07993438597177471,0.2386240965574531,0.7607326180711916,-0.05301075341700329,0.4098600361549701,0.3575930584143397
0.19919370541765702,1.0,0.636202666250149,0.014034988218273536,-0.7307342635120057,-1.0,-0.033780117220258976
-0.5421194091479027,-0.9205063924943697,0.08615038979433763,-0.6927680206906143,-0.1636545186918088,-0.2876252679543396,0.466487144705052
-0.3846915027311594,-1.0,0.18882471314501337,-0.9937361365120326,1.0,-0.46817115364958045,4.067218961849752
-0.9415998537687132,-1.0,-1.0,-0.05084483889388,-1.0,-1.0,-0.15352823922225758
-1.0,-0.013160417538276015,-1.0,-1.0,-0.08834722571949027,0.14623047998496203,-2.2093850899058314
0.05358336636126171,1.0,1.0,0.9177409727212984,-0.5334519302635297,0.7714500747654472,-4.600880601391713
0.5114531789897252,0.5500942302717086,-0.7866109933227512,-0.17768778439801772,0.5698197039163184,-0.7448033371267789,-1.3997413173149604
0.417237085244268,1.0,1.0,1.0,1.0,-0.43560622679525063,-6.559396750932267
-1.0,0.5941122789342007,-0.003211946834125734,0.6537233528285694,0.3110354229329033,1.0,2.4803159266510453
0.8716545927378105,1.0,0.7476532551222235,1.0,-0.07993027765536442,-1.0,4.352241673140837
-1.0,-1.0,-1.0,-1.0,-1.0,0.09617183661863682,-3.3996152260494563
-0.17110345690801637,-0.4231588249118501,-1.0,-0.7923674299421886,0.13295332491230005,-0.3617343241935551,-1.22700001839247
-1.0,-0.6601327917195873,1.0,0.6608485579886226,-0.22933872528728522,1.0,-3.590950704013748
-1.0,-0.07003895787230996,-1.0,-0.14117908579064592,-0.4524172722737385,-0.4741777419302217,-0.24427566700398146
-0.8478837085976882,-0.540386921960839,0.04802602388774113,-0.6110245535967587,0.2909152659944576,1.0,0.5134815005772256
0.44136311614675083,1.0,0.6125020651885322,1.0,-0.3486544242630416,-0.9260725200371875,4.0017391244156455
-0.793165164965127,-0.007736473294695623,-0.3083862013473433,-1.0,0.17102593694382479,-0.018243737320064568,1.3246345811899838
-0.3269806644500536,-0.16913815522945858,0.5355951030103302,0.9487288820749227,1.0,0.42895695242821774,1.02582994089321
-1.0,-1.0,-0.07898772555587752,-0.7030108213076744,-0.22184859456980538,0.22318922790389945,-2.517764539027691
-1.0,-0.9307983236176756,-0.8224372879740736,-1.0,-0.10361642482686606,0.1691488644118876,-5.543788779631381
-0.09109052254637179,0.3208547098575792,0.30981106978598083,-0.45479827567331355,0.9370801221692753,0.3617025423082868,0.358457438603475
-1.0,-0.023581839662969006,-0.8316956649876577,-1.0,-1.0,0.36728961152065903,-0.7755409291712816
-0.6803135274180638,-1.0,-1.0,-1.0,0.10078076706267014,-0.9386402727263365,1.1080419098951313
-0.9137628357131553,-0.8495295730514107,0.14998518212053297,-0.033330707415595184,0.9491532774575108,-1.0,6.817076487596796
-0.10409794354039703,0.0751751087805492,0.9025944506007164,1.0,-0.6787722350994068,-1.0,1.102864925040634
-0.9311269193739711,0.09243659307420848,0.479994535757955,-0.3445946078524815,-1.0,-1.0,-1.719970209300325
-1.0,0.17251904078045022,-0.32875146810467115,-0.606700430761641,-0.9054149335241913,0.2462226608286896,-1.9309391426502593
0.43021441661694637,0.45017914323125874,-0.37748360113751256,0.4273524213419768,1.0,0.2744674710806233,-1.2967878699978082
0.537133137193087,1.0,0.9561498373269879,0.1791115939275878,1.0,1.0,-2.6282762640535196
-0.2097519222751465,0.6359362232375395,1.0,1.0,-0.3211799515411109,1.0,-3.5513130572224507
-0.017210402171510264,-0.7836832885579401,0.34956448647378213,-0.4089007854773523,-0.43272347638563236,-0.9623553329634036,4.368957804035933
-1.0,-0.4108197115256421,-0.21147211137297325,0.27038812776718324,1.0,-0.2801067693540551,2.7753464299696895
1.0,0.3663194943834765,1.0,1.0,-0.08384248576207581,-1.0,3.123533300348228
-0.16638358621043015,-0.5423125728476014,0.12450882547978714,1.0,-0.28951354174583416,1.0,2.6190246745740553
0.09752569364288377,0.12198844568229775,-1.0,-1.0,-0.0821223984403967,-0.2992929179142486,-1.571238917697947
1.0,-0.8178889085128138,-1.0,-0.6375585600228564,1.0,1.0,-4.458654904288538
1.0,0.030943382555717935,0.2131032029680665,1.0,-1.0,-0.11736764381406437,3.7682309311952515
1.0,1.0,1.0,1.0,0.3360389600748649,0.34927602420745013,-5.749766990995411
1.0,0.5976853936768419,-0.3086797115957136,-0.4591926279633033,-1.0,-0.928436651777042,4.468138612549837
0.20196226445061383,1.0,1.0,0.7230631903406091,0.5519029317980366,-0.8004985171840109,-2.875310142969947
-0.3629787697283538,-0.7060627021070587,1.0,-0.367893927819244,-0.2239889169047517,-0.7284502207179939,2.9690094483743783
0.1759459355100681,1.0,0.2843225401877184,-0.1598291223651359,-1.0,-0.09162690647699545,1.3828158002635067
0.6505905366062198,-0.07937700496596722,0.7230779657500839,-0.3372663564584808,0.7612049877348082,0.5097703240569493,-2.3101544524208584
0.762391989099573,0.49712003363780943,0.3728226574442095,-1.0,-0.5311136398407585,-0.3711328801599066,4.010189928317216
0.9617537605119288,0.687309256504105,1.0,0.6279825068630724,-0.3111452700129713,-0.8055054758175599,3.157177352904177
1.0,0.5867937360409659,0.1956777199073999,1.0,-0.028877676219902115,-1.0,5.813699019261245
0.28214135625547565,0.09642039676523728,0.34456994841396993,0.9123094862360599,0.6848049650589344,0.9194444367921433,1.6845715581884688
-1.0,-1.0,-1.0,-0.9652823563556998,-1.0,-1.0,4.7078387463767095
0.6757907626794779,0.7594751065430845,1.0,0.1576821984404786,-0.0004754751383418965,-1.0,1.3632501602840166
0.18562633443373777,0.9860959655120439,0.19033333011713227,1.0,-0.009999534192478288,-0.21654037359121464,-0.15513985555235915
1.0,1.0,0.5856681303267386,0.3408022663407666,-0.4173971354916495,-1.0,5.078393370603841
0.2596111075108517,0.3258044838567173,-0.23819389048821854,-0.47634318993005825,0.057313609859581116,0.08979903197413841,-0.2045944627345557
-1.0,-0.11337022655593954,-1.0,-1.0,-0.03667168817845379,-0.30936315935974845,-2.202747898902208
-0.24085249836757272,-0.07207378150625995,0.8946269342183026,-0.30462951090696216,-0.46994191092079207,-0.5261079593916165,0.7674234980292782
-0.10680728579204979,-0.09788612783741207,-0.7300382510899794,-0.18296061382808243,-0.0951024168846123,-0.7955696188561305,1.5898345037693684
-0.9315775374285447,-0.27340662090518597,-1.0,-1.0,-0.09518265187436026,1.0,4.351486057031808
1.0,-0.3195551951317278,0.7104146432113527,-0.12806653527611783,1.0,0.9439045605185272,-3.8967601239801306
0.8288420467819672,0.5216444840928547,-1.0,0.7346295713680157,0.31652898637199756,1.0,2.9010987024073813
0.09880769243929033,-0.5325049687576191,1.0,0.485613017356328,-0.9012838048582906,-0.5610657196226931,1.3566388954424737
-0.18481596453330784,-0.8195624007583363,-1.0,-0.2824956791810297,0.2762688230936946,-0.2859673305437763,-1.5809606359546993
1.0,1.0,0.15737788411603337,0.8088979394927565,0.4661041852917692,0.1019152587950518,-1.5751254316169532
0.6962431328715935,1.0,0.6954020735634807,0.26354169172424724,-0.3298706037722293,-1.0,3.3321859377801593
-0.548780821882962,-0.7502642704866707,-0.03626822622763551,-0.32005620645708777,-1.0,-1.0,2.156466646394891
0.7173378747291825,-1.0,-0.05925922176305343,-0.606651552946009,-1.0,-0.5969431055811035,6.391010551815034
-0.8189636216671983,1.0,-0.7626736267587546,-0.9325127720391607,-0.06341837135722678,-1.0,2.252810832491352
-0.02692894932395873,0.12521592435587803,-1.0,-1.0,-1.0,-0.4405343679441922,-0.8076048858053217
-0.5384145781245329,0.008132146610411062,1.0,0.8530433697457911,-0.3571238033568256,-0.06327804365458231,-1.4867835696982512
0.06916116935152472,-1.0,-0.04599821414717334,-0.9903210757471673,1.0,-0.3083507170118069,1.9846736830702885
1.0,-0.14008207300184206,-0.38790757242959334,0.7675405720969177,0.48525749311673516,0.5754316296123165,-0.9923292427987769
-0.12003331519367819,-0.029289402400285436,1.0,-0.5515354975714538,-1.0,0.3466337739928612,-1.1629785662055505
-0.5444855526778973,-0.09826038660038039,-0.3243473916558161,-0.355626901443999,-0.09551978527736393,-0.6086589788148076,1.2614533326293498
-0.8213408258342002,-0.2412063404502962,0.8203367362263257,0.08453369921627107,-0.424151461220335,-1.0,2.4363205571570843
0.25795876368669424,1.0,0.8213986988470476,1.0,0.7326014376457711,0.016227165277421435,-3.8388855240683935
0.1541438528178669,1.0,1.0,1.0,-0.0923721751676545,1.0,-4.56848600544896
0.5108002205307258,1.0,-0.03123157278064037,0.05084259057083462,1.0,0.5056933631036347,1.0968617675578036
0.456884057036558,-1.0,-0.5935721074108926,-0.6795846137692778,0.3134457780827381,0.9111237804119401,-2.1530526539815007
-0.6104754877179079,-0.9531371251052393,-1.0,-0.30933888268107856,0.48814499939851674,1.0,3.3686592950711
-1.0,-1.0,-0.9797952190239348,-0.24345601647983617,-1.0,-1.0,0.7138210516677632
0.5344128899217331,-0.9054469645401102,0.07006601977964572,-1.0,-1.0,-1.0,12.478129172657011
0.5498857560176881,0.46937966849725976,0.8139834806506407,-0.0282674246468559,-0.8953959770095088,-0.9515156921782766,2.9051485608879557
0.20705102812160137,-0.2539247803587421,-1.0,-0.3032804205273258,-0.3868373954314859,-0.6576034055998593,1.8700025816154267
-0.31834577658917096,-1.0,0.35097515445986693,-0.78760494850155,0.15848300522649705,-0.12430128818014685,1.2687359575890156
-0.5154344870788958,0.1823597269516587,-1.0,-1.0,-0.07136555806574035,1.0,8.170774432440647
-1.0,-1.0,-0.7366027529695225,-0.1519477919369557,0.6975426313361182,0.37034370810809103,-2.3400968979306738
-1.0,-0.1563856464001392,0.24205917438587915,0.10410379183394869,-0.5199796751735971,-0.8169894753180157,1.1211266888630607
-0.9497338250539542,-0.9567183361823288,-0.36803231998333835,0.012806426098267432,-0.34841194969188694,-0.6796575906701972,-1.0088776680756246
1.0,1.0,1.0,0.3615444437514585,-0.43036469867926863,-0.5770353374082302,1.1845892479451317
-1.0,-0.10827173961355219,0.06896628127286017,-1.0,-0.02499818056849601,-0.00481963729722229,0.02400367019937734
1.0,0.32550823717872945,0.042437071056408815,1.0,0.14300047987690354,-0.8450501911658832,3.187517927030802
-1.0,-0.27914664616150997,-1.0,-0.5589651145947966,-1.0,-1.0,1.8451683873211673
0.28751581851440117,-0.3905985105246324,-0.12369054327352963,-0.614334456162485,-0.3100781263453445,-1.0,4.10919237154614
-0.008449909664709043,-0.2403151613480521,-1.0,-1.0,-0.9045836318080726,0.23356807478925018,0.4405834232542918
-0.9742605001732394,-0.5444281575766694,0.7953555275279814,0.40910490944117067,0.3870130237638933,0.3901031014380608,-0.2530589970557866
0.557189669113944,-0.4411518701293855,1.0,1.0,0.5798265572950377,-0.31679121869837423,-1.7612495758617883
0.013080007898635726,1.0,1.0,0.55392572557673,-1.0,1.0,-2.901240587177862
-0.9150535643539472,-1.0,-0.22112038772381482,0.6596684553885372,-0.4150076523908044,-1.0,1.490646227043738
-0.06960943705058287,0.19528766750737564,-1.0,-0.7739310208062378,0.5338584692292958,1.0,7.47723811466732
-0.15160792060535178,-1.0,-0.614074860216866,-0.9233419153148059,0.5541080591657214,-0.8582186109699033,1.855023855963744
1.0,1.0,1.0,1.0,0.6116305934774565,-0.28456128412272597,-5.383581750538863
-0.6275531284408631,0.04508598660437613,0.5105728525381394,-0.7195981777040472,-0.6462098779226753,-0.8283673658528263,1.180998693706956
1.0,0.011390279573290973,1.0,-0.1395865882587659,-1.0,0.649105844267807,2.6580442937367885
1.0,-0.47643316909508937,0.03396553334675237,-0.664552492161218,0.03413843596043986,-0.28359903062304703,1.0039681054716718
1.0,0.340840016430499,1.0,0.26655001817741386,0.41594464339053605,-0.6592385911344204,0.6456017369032483
1.0,0.10251946238942444,-0.3801346905523695,-0.7495607325863557,-0.28658369094398045,-1.0,4.408362679263516
1.0,-1.0,0.0694090274533182,0.11590475599972877,1.0,1.0,-0.4610466348483052
-0.4422039500405974,-0.8923420263508075,-1.0,-1.0,-1.0,-1.0,5.034677565622528
1.0,1.0,1.0,1.0,0.6084130993124603,0.6909900074183977,-9.36559737948293
0.3513200806245542,-0.15478953656379568,0.8133244235827749,1.0,0.2727278616630483,-1.0,2.541372888810419
-0.16513470269119984,-0.1539563633029336,-0.6915783445645476,-0.7580713697744489,0.3767681293063128,-0.09145966924372712,-0.6209397649574684
-0.6912150217289091,-0.15919079004095144,-0.2511857540657736,-1.0,-0.14307562521014194,0.7003550192589941,0.6410369896779681
-0.42840429325211205,0.8583820283075836,1.0,0.9509265854610975,-0.6749716051136891,-0.8200480802535867,-0.36586857128162503
-0.8145459760319238,-0.2396599291069943,-0.7501188537734358,-0.95154069484811,0.7715789102706033,0.9766132511697545,5.394632800618079
0.7916074837566451,-0.9634673794587499,-0.728676080388427,-1.0,-0.8211206898944844,-0.0694597836838744,5.824822284318292
-1.0,-0.1811826808685859,-0.6707103882801971,-1.0,1.0,-0.264340432759947,2.1434297732646757
-1.0,-1.0,-0.7741402406873827,-0.2510474588058045,0.6881319301393376,0.16035479999029056,-3.0365154781959953
-0.7615092794435291,-0.7671120219110482,-0.5910526368303611,-0.8280055720332904,-0.929494926555569,-0.08310327062476952,-0.41905935273638123
-0.012444678593585112,-0.11073482635528656,-0.1268208355962146,0.3425083286818552,0.2534923065873514,0.3708990357067218,0.31056806732657294
-0.040894611585291396,0.17810751696147653,-1.0,0.5118296820013137,-1.0,-1.0,1.2269646882582688
0.3508439863250588,-0.1627517385111183,0.21241175605056117,-1.0,-0.8131625318992838,-1.0,5.029795819100297
-0.38535549388416657,-0.8853149578863893,0.37493515726232085,0.04121042078271275,1.0,0.6013839036651898,1.394691863913078
0.8714070067368832,-0.5503580363788017,-0.44978831061236746,-1.0,0.22925703745418607,-0.04398646831279229,-0.0100597697755207
-0.17638189778276137,1.0,0.9811819266484184,-0.6172845082444759,0.2838947986771539,-0.48154669511574316,-3.274073731320533
1.0,0.9648379987220044,-0.8688198562483942,0.21844015413679596,-0.7174015516542964,-1.0,6.593952843831321
-1.0,-0.921828689861617,0.7134235869649984,0.0723265461708042,-0.16703841341508718,-1.0,5.474442413628339
-1.0,-1.0,0.6542166293908062,-0.22663620578414123,0.12050775256257398,0.2375999959470294,1.3626047305923774
-1.0,-0.45981152471264375,-0.2140169099385374,-0.9087089444313277,0.7086288442436086,0.5231145321776494,1.7554204686569246
-1.0,-0.6525956445058438,-1.0,-0.7787013700067669,1.0,1.0,4.086854672004821
0.4707941842737968,0.7058462234827904,-0.8414294777732441,-1.0,-1.0,-0.5454029699323519,2.603545560079063
1.0,-0.8300590742354181,-0.09463328507378854,0.18514394203201745,-0.8523018463860588,-0.678804296039152,5.274414823788023
-0.1340153161371177,0.9108957842549052,1.0,1.0,0.7148105204285288,0.6334781870500313,-5.846974366544878
0.7162121518329494,0.8197532602300388,1.0,1.0,-1.0,-1.0,5.728390852333062
0.17337944172522657,1.0,0.10875463069398328,0.5412147222004782,-1.0,0.4828789314045436,1.47804012660224
1.0,-1.0,0.9211900718429231,0.4439577492889792,-0.28991515062990003,1.0,2.370208022817494
-0.23885709897001317,-1.0,-0.4357066833271458,-0.12337222042993456,0.10761385786884878,-0.7490583373009173,0.2076951578690489
0.3755091118260092,0.1072242257991931,0.7567891582385131,1.0,-0.43868690643879904,-0.011447653843726147,-0.14789133826733075
0.07567878092655056,1.0,-1.0,-0.2292199513071086,-1.0,0.8973120576119723,9.798069385009692
-0.8732291808728874,-0.4995340424209236,-0.04583506532097087,-0.4543939831714528,-1.0,-1.0,0.5039010491658561
-0.679521388115482,-0.771287439420929,0.003625114300721488,0.503840128383707,-1.0,-0.364494378289131,-0.1491457755642146
0.5546961086065132,1.0,1.0,1.0,0.3499944747012419,-0.6475286383278115,-2.98081919797268
-0.2600296079590958,0.04106882004642337,-0.3630595946800587,0.8441335010523201,-1.0,-0.9807971019452776,1.38781516622134
0.7896842525557444,1.0,0.5044952133760724,0.8222661001468321,1.0,-0.115062117148162,-3.619779631975811
0.42985788264567093,0.4513728415622853,-0.22770053843207244,-0.6166272530726761,1.0,0.9982276305097211,4.547336147604701
0.44675437773600385,-0.45993808843834716,1.0,-0.48336025932469556,0.6960864676328455,1.0,-3.814871966676955
-1.0,-1.0,-0.522354857802269,0.09843566123385883,0.39267913318182535,0.06466119040177554,0.029864823030130383
0.13743635448205382,0.7335755047327903,-0.38796506838648115,-0.2292629172748485,0.7647739507458625,-1.0,0.43843716116353015
1.0,0.5234774984975477,0.10281659145113814,-0.14722091238757923,1.0,-1.0,0.23904922355908353
1.0,0.8885355169656339,0.6992494101213809,1.0,0.5166177525680422,-0.7597885582247936,0.23641465327770272
0.21573873127250187,1.0,-0.9274511576252346,0.7144781565982111,-1.0,-0.607057016068109,2.4837920587882314
-0.46460998699872275,1.0,0.7516114699874723,0.44095474262839546,-0.5472927557678611,-0.04764677834616626,-2.726089428834422
1.0,0.34507719390540126,0.5343101443784555,0.6170515850880626,-0.7165791953340864,-1.0,8.213378268448677
-0.5463936746114448,-1.0,-0.6163668540853973,-0.5643618072255283,0.7661356704287663,-0.36402834222091884,-0.7737348201239223
1.0,1.0,0.8621672856530957,0.5674715924772474,0.5728021530627474,-0.2333038897639655,-3.6434217464453558
0.8906374158666642,-0.7526269409198276,-0.328878799531074,-0.7702011209967665,0.01757540712409081,0.37433489478364573,-1.1655880919247594
1.0,0.6873216714652379,0.04683669910639965,-0.6303121637520441,-0.8630546474924192,-0.8101530518714937,5.514052931543026
0.9620092107136742,0.7306069418098523,-0.5941804766109726,-0.09369973423990141,0.8145193503257512,-0.6991506230571197,-1.677838310438017
0.4768256481696871,0.007751880292217628,-0.3353982388399195,1.0,0.07779556215035568,0.613675901822162,0.7755539586786744
-1.0,-0.9844067278629338,0.13988532417365673,-0.13290865943089808,0.6420974011674518,1.0,2.6033533404259224
-0.7422640916201273,0.8226801689554761,0.6006717868820572,1.0,1.0,1.0,1.0191033487513252
-0.5201611704846901,-0.24779776620933208,-1.0,-0.41396250218751907,-1.0,-0.8753709122917932,0.6663210333135621
-0.22481745001890951,-0.7268344130205974,-0.5309394263520155,-0.7098348251184039,-0.2351706782558412,-1.0,3.375185441678463
1.0,0.291642268599182,0.5211062414209444,-0.9261487080742432,0.5269981004746352,0.07306715815465692,-1.381805752470013
0.15514075281830197,1.0,0.53310118255697,0.3259455924327903,0.9942237394542961,0.41565181371259374,-0.6189392090894681
0.10017360959563248,1.0,1.0,0.6864097545746156,-0.3801192159489885,0.49233860916685035,-3.302054881398391
1.0,1.0,0.9936279824264842,1.0,-0.781539830029069,-0.14192081072166696,4.0127905199616976
-0.19950967387817992,0.352203992977702,0.7591333808489458,-1.0,0.08618189425750283,-0.8478698656017184,0.06737615318891549
0.13589907175017701,-0.5224083019618779,-0.4797215399708731,0.4673680242543656,-0.5293177649119787,-0.91664695444195,1.3379472514916668
-1.0,-1.0,-1.0,-0.9736429498834402,-1.0,-1.0,4.637814326431254
0.729596187381554,0.6587895273040849,1.0,0.5375597789435735,0.6237865322478955,0.5033940052014533,-2.9325009044374326
-0.38632295961075147,-0.2675250476598443,-1.0,-0.9839531650048037,-0.8840332329470093,-0.6209047919511976,-0.10552132738866962
-0.1538390782296738,-0.1078116719685559,0.3188307659882019,-0.6755066961879916,1.0,0.16478760442770457,0.7549329741562814
-0.5307129154370938,-1.0,-0.6842009977089933,-1.0,1.0,1.0,1.2409520366368505
-1.0,-0.14082214600843135,-1.0,0.08665102730314189,0.319290229052393,-0.6808448682203286,2.185993749454807
-0.8419778115359791,-0.8279011462301646,-0.9483712717773036,-0.7674890178649678,-0.6975102446096645,0.5675565005292238,-3.134334009506339
-0.6010053731461156,-1.0,-0.5073403727723161,-0.8426690205471488,0.2764892376606334,0.581334788212261,-2.5805722463092806
-0.8392297387831573,-0.45593811632787684,0.5837130450124273,-0.5002943190558276,-0.9802969001549213,0.1946732672331034,-3.0396726338254725
-1.0,-1.0,-1.0,-0.5878718483220366,0.3167752244637647,-0.793662066478743,0.8431451857234491
-1.0,-0.841550021395769,-0.1399523517607968,-1.0,1.0,0.3851384067912822,1.9505721196690053
-0.04071723081694656,-0.7734400044273562,-1.0,-0.3702377020071086,1.0,-0.350637977942707,-1.431849461477292
-0.46328630196706755,-0.7904038757737764,-1.0,-0.46075187819193475,-1.0,-0.34179318531751157,-1.03074446141642
0.9717201284708381,0.6825610240103035,0.4350790711920962,0.08723209318554437,0.320736675294788,0.34777422172869965,-0.7711108601174178
0.887365862399897,-0.4400649390419398,0.6253810654314275,0.7514758300635256,1.0,0.9890140314596287,-1.3428489068439493
0.41387580279963715,-0.19648665889563433,1.0,0.5591741162523316,-1.0,-0.38214377914595343,2.4534679869012783
-1.0,-0.895838349492933,-0.43432055177986717,-1.0,0.9839008764284853,0.7174477835346549,-0.03255665339081837
-1.0,-0.6177706316641649,-0.658906147864954,-1.0,0.1602029465097956,1.0,0.5927502767585918
1.0,1.0,1.0,0.12991015384884408,0.8525863115169192,1.0,-5.861511870075024
-0.38727848648051527,1.0,-0.05942785352247326,0.9038153826095632,-0.604098698113393,-0.11735370358269626,0.3499975682470971
1.0,1.0,0.77525739736044,0.22384402793935498,-0.8338741264648729,-0.048250419013109114,1.618784883974961
-0.41724309067518595,-0.36894166922553695,-0.12332633816319183,1.0,1.0,-0.09164344087037235,1.6017757282671579
-0.9366079267878056,-0.19925569902570478,0.08609043283223254,1.0,0.6824160236125287,-0.32184321520787246,1.6351136415211118
-0.7137858298624552,0.38227817134612563,-1.0,0.23841994439864161,-1.0,-0.8944230520356798,-0.06390737617934594
-0.9028802714576172,-0.09167990667971715,0.9371799198092363,1.0,-0.9119475456246502,-1.0,-0.276770116269065
-0.9984124714250684,0.5132684834278426,0.9264809247390167,0.7637912280206174,0.6251356967618906,0.42387077507412757,-1.4813222985512104
0.040126494317923145,-1.0,-0.9977100539322803,-0.5706244530090268,1.0,1.0,0.7395664434488797
-1.0,-0.36503793741850066,0.9092522611178553,-0.24802337625706483,0.7114227595974303,-0.6559284222040916,2.4264635849378413
0.4569805954905503,-1.0,-0.9444550887027205,0.13228098943973843,1.0,0.2436671074273193,-3.0957723672467843
0.04938671093908198,0.4861929060777672,1.0,1.0,-0.38285691456880244,1.0,-2.8079842814261164
-0.031619935251937514,0.5627429043383978,-0.3935228986752701,0.8182773931986006,1.0,0.5594990597926458,2.6949257607401322
0.14643307025761476,0.5118633503882404,-0.12095227601809419,-0.33195983543296326,0.6067406950383887,1.0,4.056871849319252
-0.6592150623339396,-0.6966540852364655,0.31739586206670933,0.6209220357589089,0.16276558151955972,1.0,1.936790906117817
0.24003563195592695,0.06555593041991808,-0.15160456310374704,1.0,-0.1327141103492404,1.0,3.018407062807994
-0.10485627417404164,0.49800998403516816,-0.7176187539426795,0.7205075688213001,-0.03374642995585675,0.8497028000908714,3.2760163489470675
1.0,1.0,1.0,1.0,0.37604795511866007,0.10695073193500293,-5.064343777454999
0.32658607553885144,-0.19712692699277096,1.0,0.7874747339955939,-0.34766124977759394,0.36632167062389237,-1.0609074967895051
0.8041457199530049,-0.3984904744856286,0.3688870476229769,-0.7762624372382159,-0.5165921254188572,-1.0,6.83276318701535
0.15419873052440802,1.0,0.2746596862047416,0.20957636166304783,0.11772824651645841,0.05888649765298193,0.44542293142109024
1.0,1.0,0.688095755754063,0.4937121243046436,0.5342229987621391,-1.0,0.40246846475045395
0.06524922741987649,-0.5115999753912255,1.0,-0.361029744788936,-1.0,-0.6470760135167268,1.936710951620144
1.0,1.0,0.7329383928074065,0.7323330943813662,1.0,1.0,-5.131412960984483
0.8139926773385533,1.0,0.6215869206708462,-0.6015308349542078,1.0,0.09870907250603156,-1.8321417740352448
-0.028328992221670513,0.9354303394564769,-0.8732005069752464,-0.5598500936191325,0.036700759784786874,-0.9154650233667985,1.242469397027005
-0.5961169304474119,-1.0,0.13816262390407008,0.6738634237630934,-1.0,-0.40409159552218876,1.493272380924078
0.43590642628948917,1.0,0.2503496551373363,1.0,0.09347255257883069,0.4710553242510791,-0.14305365128190195
-0.0947718034972298,0.5801746929260485,-1.0,-1.0,0.26967489434664577,-0.737887314509861,-0.8003396108779575
1.0,0.49724116163544996,0.6840856213041604,1.0,-0.032262936996310554,-1.0,4.385073771083128
0.023909680857483684,1.0,1.0,1.0,-1.0,-0.5924160288151838,0.1516750520301774
0.34985845141671357,0.12374086576176091,1.0,0.10105681213558415,1.0,-0.26585194599535167,-2.1890019185284193
-0.4322122591813606,-0.16059184583145247,-0.5253388542923809,-1.0,-0.08927600758363541,0.29091457114035146,-0.3932328639181183
0.3883942582997913,-1.0,0.28983491480007983,-1.0,-0.6686614483674406,-0.6619138516390781,8.124944839834033
0.7696708536578143,1.0,0.07267937389522516,-0.036372758270789673,-1.0,-0.8395190671204086,3.881133989448561
-0.18258780005696384,0.4846196432212819,1.0,-0.5592975326733768,-0.9907764028705459,0.008939259199331664,-2.2656086181402304
0.21231500999217368,-1.0,-0.49607923892630745,-0.19904021183661408,1.0,0.962971686059928,0.9933396651133269
-0.8675178048821521,0.8897919530556418,0.3519280512746473,-0.41589472985518194,-1.0,-1.0,-2.6550273055633364
-0.4229479125354618,-0.645284903690786,0.2670223794095733,1.0,1.0,0.08346859010161467,0.5638748848937403
-0.30835750580642907,-1.0,-0.20598285204192202,0.8835719425649071,0.7397879435727224,0.8278830480219321,1.8096446686607597
-0.29475311451803865,-1.0,-0.572714394156536,-0.4059527427574209,-0.04254674987729523,-0.06903890164591975,-1.4542590335415368
-0.9733672809277283,-0.5481342841691137,-0.6482119936278286,-0.8794810950433598,-1.0,-0.44701303193752184,-0.28955670621765783
-0.08439359845565725,-0.3531367439855297,-0.2710113034537601,-0.32882381303719105,1.0,0.1537759069608169,-0.16114646812654618
-0.7948931897917868,0.3986952659792362,0.6170327224291161,-1.0,0.8736708262437549,-0.18854914784607574,2.258461079579981
-0.8993623269209623,0.010510368755894527,1.0,-0.6549878856790509,-0.6173959750132962,-0.6876861552272553,-0.8977988074019854
0.5564012204945573,0.8031726792769988,0.07373668915870901,-0.18331887486600126,-1.0,-1.0,2.9774881177676757
-0.13548264641259522,-0.42800102301059717,-0.8045238504294613,-0.9962396233048008,-0.24289367612879809,-1.0,4.0291400216815205
0.9749762324649835,-1.0,0.2681274279623821,1.0,-0.7611815876309652,0.2550455528169781,5.662995039390316
0.6311591680675671,-0.7066136551978603,0.09413867069230353,-0.0600468513869207,-0.19473703247337437,-0.20881071319172018,0.8116047754329508
0.06422698281559192,-0.4528887086536376,-1.0,0.5406698495011739,1.0,0.3733959354418904,-0.12244979850316959
0.07680009199182541,-0.7083429007000507,-0.6699498869479548,1.0,-0.09554087444180293,-0.7545657910433616,-0.8127630845625451
-0.3982777921404142,0.2664380208901056,0.2250010513747526,0.013920848694872416,0.15979085039226593,0.6805811122701437,-0.5381036764006166
1.0,1.0,0.640954320838521,0.8652462419650255,0.5309562053335269,-1.0,0.6326452630894392
0.1455061457932033,-1.0,-0.8978960768132095,-1.0,-0.9118208312881239,-0.4539022855562001,2.429002470072869
0.7465227177411338,0.25413438000580824,1.0,0.31178110794489816,0.3031066562297504,0.6922061992039796,-2.1705119409121503
0.7722717044628273,-0.5043150493106334,0.3600068620735767,1.0,-0.39244769766294874,0.4883752943369696,1.8751087559790827
1.0,1.0,1.0,0.6862716546437965,-0.11060528692978672,-0.16478390108764795,-0.8536755344971193
0.6710867912096298,0.2092492756243165,1.0,0.5231386557529671,0.30360258424568864,0.1418943234520127,-0.7991292053114495
-0.790344041022996,-1.0,-1.0,-1.0,-1.0,1.0,3.7619629688508582
-1.0,-0.05127579034062481,-0.4412314487953989,-0.6695857575958272,-0.4644180118153826,-1.0,1.7955299477100268
-1.0,-0.46054828537057957,-1.0,-0.4596285971217844,-0.042655193902319255,0.47113826658856817,-0.2902996423310003
0.7871662206311227,0.07837786600711427,0.38836453242104935,-0.47784059054484956,-0.16691176878596894,0.051590774075335216,-0.5710516789375215
1.0,0.6335337431377845,1.0,1.0,-1.0,0.7132896323598288,2.2778922074905137
-0.7050689606794305,-0.0335065105207798,-0.38180328021913673,0.8751763731987277,-0.6038846416766946,-0.1978378352446351,-0.22141655656058845
-1.0,-0.03797521347996291,-0.5710824093379105,-0.9535024786124535,-0.5494301158702788,-0.2756476864171957,-0.7460502996584799
0.002626093880078173,-0.9580657068282382,0.38382565886349346,0.4138385917627364,1.0,1.0,3.89638013462367
-1.0,-0.20624599183883308,-1.0,-0.929354229377555,1.0,-0.5704991253858507,0.4726332307988589
-1.0,-0.35422392408778963,-0.2047372665115581,0.5847264570750854,-1.0,-1.0,0.14229714744206878
-1.0,-0.3187637986769578,0.5285990043510163,-0.38507024269619217,1.0,0.6228735893884457,1.5782803022675838
-0.04069405111070429,0.7776508313291922,-0.3551733109872106,0.7503044953281605,0.8845650361335773,-0.360011898788089,0.25990404828138935
-1.0,-0.8248421273519981,0.8987060873733466,-1.0,0.8612895204252555,1.0,-3.5059015724280287
0.0880421708068449,1.0,-0.7575780817388177,0.17840885732658374,0.7911904212948412,1.0,8.454242379940183
-0.8444647170260006,1.0,1.0,1.0,0.6461263878539911,0.21642310612927995,-8.627908237179394
-1.0,-0.5183234987764653,-1.0,-0.5595356009614831,-0.3538642716569145,0.4596871019378305,-1.5776084481049315
0.4801155377562327,1.0,0.5183728071034637,0.951663560829968,0.2139962793449438,-0.45407624649151934,-0.26707252265683296
-0.265007168567036,0.1295788866417724,0.8056612940238896,-0.7199360363411841,-0.5352718584887929,0.3230862154525129,-1.0236750437281936
1.0,1.0,1.0,0.852978048427413,-0.05598172899604004,1.0,-5.516927276287358
-0.7595140349473625,-0.8758487274403026,-0.7006907163866833,-0.437569190144663,-0.626080816498955,-0.8487981538012078,0.5534229608164296
1.0,0.5857501982173,1.0,0.6548935326116538,-0.8189144623424431,-1.0,7.680824555950758
-0.8220014482983867,-0.8818261495029331,-1.0,0.21209125303637283,0.3550757028495361,1.0,5.049086305534468
-0.5041285136041127,-1.0,-0.1538642205787732,0.08101681940802086,1.0,0.12465901071841573,0.7657346909084493
1.0,0.507800965798739,0.4752410371859761,0.25311629923655143,1.0,1.0,-1.434198133990654
-1.0,-1.0,-1.0,-0.7948679561517877,0.17765681317395454,-0.9802112245326768,4.100370819193507
0.26447235886349896,-0.6025833258386917,-0.37330435499972686,-0.9957931306560543,-1.0,-0.34821981330455376,5.793650296995166
-1.0,-1.0,-1.0,0.39234860660951487,-0.33016939733581174,-1.0,1.2565264570985852
0.3062524349677879,0.3752909267535015,1.0,-0.17261213271750364,1.0,1.0,-1.3230465731834156
0.29225459710595425,-0.13041778140993002,0.15975378613064606,-0.4449576619627864,0.8767332649097728,0.03046609813714929,-0.14211143060660958
0.6921770956383984,-0.16177123992387787,-0.378044971866936,1.0,0.8115325677318568,-0.09205886425192661,-1.9258838403555973
0.6386083355720641,0.11614997808840105,0.4445115064681534,-0.03192230095552723,1.0,1.0,-0.16508726049947287
0.6209909671929457,0.04948447914767673,-0.2737382710042919,0.7682705061827493,-0.7762533869993129,-0.25258829936962623,2.110738478510423
-1.0,0.5331560234081761,-1.0,0.23759425273977341,-1.0,-0.09637331040962827,-3.1734641954960034
-0.5470650117899964,1.0,0.7356708209223877,-0.39226389993331734,0.8730222835848092,-0.577619742226223,0.06846866827551062
-0.4634434636329203,-1.0,-1.0,-1.0,0.30518383642288816,-0.5815919901466505,-2.4292667354466766
0.4897901156259742,-0.08115961863790128,0.521913204621879,-0.34425026598446296,1.0,0.36226635478895874,-1.3790569976247466
0.02731001619811596,1.0,0.41249965045088255,0.05983358887094559,1.0,0.5882365122446336,1.220994194922366
0.7142409306701198,1.0,0.48087024693346847,-0.09585141577670417,-1.0,-0.1645592651691704,0.32885844714206014
0.5579670814070707,0.19939180050415523,0.2420713193682294,-0.027708918421502804,0.2602931828459526,-0.7609332425476507,0.4635276623836657
-0.5911686835590455,-1.0,-0.1670209979907491,-1.0,0.7765172712036094,-0.017651207981348255,0.44486459174335047
1.0,0.13004641346965712,1.0,-0.9689191198438112,1.0,0.1428284175062513,-3.029256948050175
1.0,0.7860869509027721,1.0,0.6130590161063869,1.0,0.02023827749342344,-5.203895599166781
-1.0,-1.0,0.6277188577694369,-0.046144772708051285,-0.0707844368417152,0.25079564576026186,-0.1813621121983487
1.0,-0.14086888112216728,-0.7336285706547436,0.31115881218722397,-0.6463227419011874,-1.0,4.866354168878801
-0.6126235490694242,0.11089987609552249,0.4814108366894836,0.599348533691396,-0.1533229899327242,-1.0,3.016230607070988
-0.08737395798509962,-0.4871755591932232,-0.3530249306672121,-1.0,-1.0,-0.6376789197929309,2.677078075476624
-0.9234221732503569,0.741978123686618,-0.6747276365597659,0.4110516185210695,0.6003833509663512,-0.6864719344879145,3.867217323605591
1.0,-0.46164355865286305,0.29418106756157736,0.9751074186737145,0.46613027044073263,1.0,1.6525967255005243
0.338631575469748,-0.43933646896465467,0.817002113695648,-1.0,1.0,-0.47922259174023973,1.0420133516508205
-1.0,-1.0,-1.0,0.024978781690497123,0.7394133845860884,-0.6732784193614247,-0.7520702308679523
-0.28687597767034356,-1.0,-1.0,-1.0,0.8148797699970667,1.0,-1.0103667496799988
1.0,1.0,0.7760311434126992,0.26019908846962225,0.0699631419180744,1.0,-0.48131465037520216
0.7854950242874853,-0.567532018827116,-0.6662473570483338,-0.26360847612503324,0.058653727319464166,0.9555528965575946,2.068091967447029
-0.11268853389875305,0.06095860789327173,-1.0,-0.6007720260901996,1.0,1.0,7.475226698816639
1.0,1.0,0.1926483491114953,0.15751074637728124,-0.4179629092922612,-1.0,4.773359230947095
0.662413389811167,1.0,0.11235551071337138,0.7013685528761264,-1.0,-0.7791292346871155,5.112198444331589
-1.0,-0.7022125440105718,-1.0,-0.6054662345112896,-0.3876543215168755,0.09487229776905681,-3.389557774322374
-0.8830260493606792,-1.0,-1.0,-1.0,0.6081054324173105,0.15922697077474068,-7.963257734635657
-0.9364692266559855,0.3186284455539391,0.5539855258412628,0.5496520148599218,-1.0,-0.4480963577782867,-1.7865917916068126
1.0,0.5663611063424838,0.7000369158577557,0.6318768704711211,0.09911595008944726,-0.27173875379683887,-0.21797457811918292
-0.07163596516372528,-0.25895150107848486,-1.0,-0.08610530328040786,0.08826537194963074,1.0,6.128952591662549
1.0,0.42638748662337556,0.6123787384380412,-0.08786355376809775,0.16627693818169423,-0.9923557333216957,3.113339488624768
1.0,1.0,0.07417092842946665,0.8917029799711049,0.8133428873474002,1.0,0.649303493208061
-0.6099927021092568,-0.9154294466774111,-0.0708473019025258,-0.7158589246056279,0.2371480665538801,-0.2679061057196179,0.5286107990639556
-0.21419585293167676,-1.0,0.12304396084498581,0.44285423799401347,1.0,1.0,3.5494292661801228
1.0,0.4246368568376608,1.0,-0.10170503870534378,-0.011453668135443906,-1.0,3.694719820479449
1.0,1.0,0.27708059031080756,0.3727420960186165,0.11399576715883361,0.27393161074834377,-1.6715955455577296
0.4050608057888938,0.07148389875150873,0.273753774843545,-0.5162947491501213,0.8141946931775866,-0.19441966811551892,0.5150866468260953
-0.06132617028817,-0.24887453437277895,1.0,0.099132243149467,0.7179848980957804,1.0,-1.1416332669760991
1.0,0.22571718284015807,-0.07675000808700305,0.89552496780811,0.140019185821891,1.0,2.5249921205520365
-0.594756595951423,-0.0789308522947248,-0.3162722941726527,0.8678616757493143,1.0,1.0,6.871612439927764
0.18865459527750117,1.0,0.27023088260176265,0.2754557388718662,0.3091954700553903,0.9277330883292667,1.4558591824211198
0.2351138928761396,0.03548002682086624,0.5088290100252195,0.35349739038304595,-0.03372331495100614,0.03032307552886171,0.3508822661881627
0.26327538974957676,0.42552324718155154,0.7144089492098202,0.10168755667290541,-0.09101284564309951,0.24665290708686827,-0.9883389675639498
-0.6541292174482052,-1.0,-1.0,-0.005270724297517182,-0.25444827298108974,0.859691953978841,0.8464474861280364
-0.9570510984708331,-0.31738249371835237,-0.061805861807009865,-1.0,-0.3918889169009899,0.8166637803194556,0.10396514479422869
-0.5257210732893869,-0.2406033901104103,0.31079806529149956,1.0,0.27400004344369955,0.13006417798503456,-0.5012695401829075
-0.004562566052183276,-1.0,0.5978884427455813,-0.05058279330307558,0.10028171020780097,1.0,0.8046474168328636
0.6305122449801592,0.0929333216359618,0.5432766809933329,1.0,0.7603231568106901,0.5642971146681091,-2.0158971939096824
0.627136448421471,0.38767263633737703,1.0,0.05231624722432926,0.22663201321530246,-0.3931454226065996,0.3587180072665885
1.0,0.7042609757237657,0.8696399936514021,1.0,-0.3411297952053827,-0.9691198561871297,6.325749637290645
-1.0,-1.0,0.5236595744948035,0.25143489136480945,-0.2470645760377877,-0.19792334799295358,0.8475307109046684
-0.9200359423042348,-0.5471457588043185,0.09404898990792088,-0.14365997988999046,-1.0,-1.0,-0.002429538461222694
-0.8383371992998079,0.16324579823196245,0.18624107584630556,0.6651971965357086,-0.6826744487298237,-1.0,0.558492969051782
0.9269310174604986,0.6671647804300023,1.0,0.21144217570657942,-1.0,-0.6265874578149492,3.01006766734771
-1.0,-0.43520739858046265,-0.4807838618596017,-1.0,-0.2599562886860075,-1.0,3.5334652721811417
-0.8552366092358645,-1.0,-0.6424859190377119,-0.558174976570763,0.9004291959875059,-0.8075890080344568,2.682824042492742
-0.7889311802104125,-0.7579434810022825,-0.8480127833627349,-1.0,-1.0,-0.5817740563577174,1.2657541999433175
0.25241151010781404,-0.02350156448811603,0.7223063440652022,1.0,0.9611376651087332,-0.6584751076406922,0.02622563469435618
-0.8913326776413882,-0.47153882322252827,-1.0,-1.0,0.25028865649027715,0.6174298137484084,-1.220903222984378
1.0,1.0,1.0,0.962463609355489,0.3237180959070789,1.0,-6.838279952417697
-0.34924774144487336,-1.0,-0.06910773950078142,-1.0,-1.0,-1.0,7.827386456941244
-0.7362872915133166,-0.17616831249581205,0.41475942538688393,-0.5511863188489687,-0.28181729183835835,-0.26313000612169496,0.5802256085583113
0.6934555878677676,0.04823672884776781,0.1484814382908144,-0.6664106063413122,1.0,0.2955311489674537,-1.1016821536597332
1.0,-0.12429256348374468,0.05470655120746892,0.2247783839015396,-0.03749566220354683,-0.1367450279146054,1.0922212719016615
-0.32850138915785854,-0.6264634850599833,-0.31234911796216025,-1.0,0.14611460527099296,0.008461587792549227,0.3461553211408438
-0.06607994216103427,0.20470047431031768,0.27250531468100103,-0.6490183326241226,0.2606698979153296,-0.9836066176828631,3.3414771416867923
0.8344963868233857,0.12751552195848143,0.18277344607924167,1.0,1.0,0.05654198489768936,-1.6279108949941408
-1.0,-0.5344329706896169,0.14006726711044898,0.5852986423525997,0.007728804157788094,0.19084521696063989,-0.3936550697020138
0.44229264779745403,1.0,0.6020077168367044,0.3677352253599877,-0.729028001873189,-0.8353975881581761,1.9583022033202344
0.052354465871694233,0.04338027537770883,0.992376589580019,-0.11228022184857356,-0.9442360448676721,-1.0,0.9900664314960601
-1.0,-0.2655536265919738,-0.42275014981413195,-1.0,0.11774375045914087,0.29570378985819123,-0.8092237422385917
0.3292543644607878,-0.8341342829719502,0.508177918293098,1.0,-1.0,-0.9124628310077543,6.278715872570673
-1.0,-0.6714976612397898,-0.33384459652314735,-0.6458703258239502,0.400531091160477,0.48713015229184503,0.3304091967754732
-0.9365676077395468,-0.3514530612268889,0.7478682960356301,0.10848178744802203,-0.32605714037546263,-1.0,2.911439415945044
-0.2972261890922121,-0.35981189467215285,-1.0,-0.5561949878217987,-0.4664223475398277,-1.0,2.1266244047281493
-0.4783502584258656,1.0,0.264330572286547,-0.7838393497864441,0.1845083361386648,-0.32323036010932116,-1.7731383839464556
-0.6012911532059253,-1.0,-0.6988199785375289,-0.9742920413203066,-0.27506429588869796,-1.0,3.1519957220892434
-0.09091932558638816,0.11284865495753182,1.0,0.10735243761026297,-1.0,-1.0,-0.21156958765219697
1.0,0.9380109696134171,0.5181484054495029,0.37515684765823365,-0.9646323896559627,0.09036528001951713,2.022049329035826
1.0,0.7807774790550714,0.4352157066099377,0.6466084060646713,-0.9038648168500549,-0.7890064435097476,6.913437965042356
-0.9195352431192563,0.062471036887242815,-0.7873253641412936,0.409439327239314,0.31179760067386386,0.2148386996045022,0.3089830601072452
-0.34862328613591065,0.21777039201063092,-0.4822116702154512,1.0,-0.7725158192400969,0.17649516087302908,-1.1882257049911455
-1.0,-1.0,-1.0,-1.0,0.7197801747654442,0.11405103321530285,-8.488371071971626
1.0,0.8220825878203115,-0.1386741499762747,0.9419637455541823,0.1342806245000211,1.0,3.0132726687059392
-0.04030126249338151,-1.0,0.7458135542511799,-1.0,0.37151584081876177,0.5293727389420169,-1.3634710262955632
-0.6768392426979234,-1.0,-0.5563631919095988,-0.029755108223479848,-0.327305826495381,-0.562648768986264,-0.8422669418776387
-0.46955579692556126,-0.37839641648050304,-0.7798635766979441,-0.21569978136310425,-0.09615645554483615,1.0,4.660851408433736
0.3030541132619995,1.0,1.0,1.0,-0.36126537978050033,-0.47204897833406534,-0.7902940186226428
0.3847104586249459,1.0,-0.8062302962758211,0.7410821814977376,0.16286047015928048,1.0,5.6100917893518005
-0.3627030005806574,0.6399993410081508,-0.5604390410236123,0.09870842465389704,-0.9696662327202492,-0.7408092838274669,-1.0976516932689782
-1.0,-0.9560809688093512,-1.0,-0.22269760962086815,-0.4717675373634215,-0.6298588246723019,-1.5222384686785377
0.8368973218473275,0.3149624239059494,0.4318814779762552,1.0,-0.856724216169634,1.0,5.2465136082749675
0.3791274235476383,0.9906148353705635,-0.5436940361993491,0.44692431290349466,0.06931897897695738,0.31121599941817424,2.520585642102435
1.0,-0.0977994866315825,0.5903355595793587,1.0,-0.42927254962692396,-0.6564687210193708,4.060358578318576
-0.21099495636040388,-1.0,-0.13060134043629623,-0.16857501889114546,-0.013183705059854889,0.34426848868482113,-0.8084503292615219
-0.4376530470329044,0.27197265865693765,-0.5320147249357675,1.0,0.11729957484511222,-1.0,2.5760379603085215
-1.0,-0.6526575144723892,-1.0,-1.0,-0.9678773810118506,-1.0,3.3389429985406878
-1.0,-1.0,0.33050960536820273,-0.24013345787973103,0.5082030394554056,0.1676595671237564,1.8643577408347987
0.02590671289165636,1.0,1.0,1.0,-0.487132242863337,-0.34423734501410985,-1.9005374550832663
-0.9372764845945176,0.3854010339384907,-1.0,-0.11021897328927999,1.0,1.0,10.581971996685152
0.218732114165346,0.5140377959705028,-0.24628441890832048,0.47210676866382645,-1.0,-1.0,2.442886104858525
-0.6846393851094876,-0.3254544409137827,-0.47525458565129475,-0.7385320034413722,0.9994176400474025,0.46629359127308656,2.04514437488684
0.8524387997043903,-0.06163426294896879,-0.03174307214482308,0.9874277177006909,-0.1157006296359514,0.5132236586291342,0.46801260403767014
0.7490038868648108,0.6968327594075171,0.3406557207220834,1.0,-1.0,-1.0,8.613383774376532
1.0,0.02523089105829246,0.40539841572252466,1.0,0.7951969335055695,-0.28977639316416914,-1.59292717725848
-0.2326825222142157,0.7594302890438371,-0.46245561343792485,-1.0,1.0,1.0,9.85725206185884
0.2753814312912022,0.3065445269912506,0.8084681424904301,0.1902182132108523,0.7205244785017563,0.5473888521228012,-0.2202742796411874
0.734207697404325,1.0,1.0,-0.6539673332038705,-1.0,-1.0,1.5625778272240565
1.0,0.7858482764077798,-0.6493828523954503,0.8279851817880914,-0.6818364787758626,0.0004454326312017809,4.326261346685482
-0.057919998504457476,0.5816832174163686,0.5441937815496489,0.8207091019396,0.19620475581193758,-1.0,2.4515756465157543
-0.4866161511019438,-0.16805596014892188,-0.9467991425449198,-1.0,1.0,-0.9089665205508761,4.158037027963903
0.09408844690639526,0.9426638270794054,0.9544865180225572,0.9998407265268943,0.07758010676462423,0.41701106744856165,-4.667356995929156
-0.4605713807461188,0.785144386933,-0.0012997549244491147,-0.20752242287271805,-0.609129596062206,-0.7326880303495263,-1.862310844461308
0.0888303084949561,-0.5541711165997862,-0.5951309964038931,-1.0,-1.0,-1.0,4.949365714134364
-0.9975000042622102,-0.11088170563949584,-0.7030147852929424,-0.9965245061886987,0.3583873702969637,0.9960390966720931,5.165738797966499
1.0,-1.0,0.15733323118032372,0.47502636876462745,-0.09295549330145333,0.11410014653914424,0.6917061411551375
1.0,-0.1622123142219947,-0.029735375157637717,-0.3003761554566391,-0.1493009518885019,-0.5363674168222319,1.424654463176191
0.6660877963753211,0.42549626845717037,0.06542869461751688,1.0,1.0,0.9916785270810475,2.592440089538243
-0.5464333706025829,-0.5503132532816501,1.0,0.16964563780775782,-1.0,-1.0,-0.7348316239771926
0.6295395896850123,0.43875710616510344,0.6568050944183844,-0.7262656394728431,0.6887986289399428,1.0,0.9830721662851194
1.0,1.0,0.25448519056772523,0.4636976360422411,-1.0,-1.0,7.323115450698936
1.0,-0.11759371618963232,-0.15005560688387642,1.0,-0.6670926940010615,0.42650254086947703,2.9068563120438715
1.0,-0.13506130313207626,0.8672665042738834,1.0,-0.6904739073219712,-0.25112189423872866,3.334230259899227
0.59115860832664,0.6397702479529831,1.0,-0.48111745085943336,0.54979902906381,-0.039887216208288945,-1.6109633763192934
0.002515192788317952,1.0,1.0,-0.480186558796267,0.0009841098206755383,0.8421263997855799,-1.963282075610743
0.3766735194957658,1.0,1.0,1.0,1.0,1.0,-5.744791881700696
-0.9954487679779114,-0.6632010824527166,-0.9631847328205734,-1.0,-1.0,-0.2408284155889851,-0.4306278458371118
0.9528557125696018,1.0,-0.20062071805848408,-0.7109290758420231,0.3785693402437913,-1.0,0.47612711506077554
-0.4105467121339005,0.23394993509652373,-1.0,-0.16129518714229008,-0.960801877628642,-1.0,1.3949759947008111
0.42667359949540207,-0.1688078496077834,1.0,0.005882323975665127,0.6451093186112862,1.0,-2.2634556427641304
1.0,0.9531543982903187,1.0,1.0,0.5420756680415635,0.48965608659896176,-6.72447360707038
0.38722769591051365,-0.4124930198113869,0.022280087132004023,1.0,1.0,0.462564084286585,-0.39573962258318757
-1.0,-0.41084826797499097,0.050055249036857874,-0.005114362340369438,1.0,-0.14834326709797668,2.4625481697045037
0.2611672520895473,1.0,0.9116835792975204,0.5374471566840875,-0.957777334440781,-0.07552435598607876,-1.620306917692645
0.5741454019331897,1.0,0.06276443765576384,1.0,-0.8701160603237881,-0.15251313088950869,4.222331975236072
-1.0,-1.0,-1.0,-1.0,0.5690654536063886,-1.0,2.4581745511217634
0.8043836391605583,1.0,1.0,0.90358536140525,0.35963261975621574,0.6440872830483159,-6.12346737154032
1.0,1.0,0.8492872588633407,1.0,1.0,-0.13293126044702108,-7.017660571881619
-0.5464337100499945,-0.12034128708412362,-1.0,-0.20955840491518307,-0.6743364914987143,0.25361233750828605,-1.234881301318069
-0.8166639693854497,1.0,-0.3660920922674506,0.014787490487000177,-0.6325308860654071,1.0,3.7584672927561806
0.0630731572082805,0.15866017167181923,-0.8657863488885138,-0.7457952848254656,-0.0016895060994778222,1.0,5.322099852172017
-1.0,-1.0,-1.0,-1.0,-1.0,-1.0,5.243682656782074
-0.16984059324030598,0.7240135342583706,0.9640851447602199,0.18968774727426663,-0.20143600502219794,-0.5466948733150809,-0.3699640806004744
-1.0,-1.0,-0.7820501371305486,-0.2014482389677663,1.0,0.9789367159886024,3.2826493312502745
0.7395310709043952,0.5634699700019343,0.7027754174890382,0.393396624455862,-1.0,-1.0,4.8001375051962905
-0.3849131904837977,-0.007890411661371721,-1.0,1.0,0.20289428567758572,-1.0,3.655556171709385
-0.7167448842743165,-0.5126123090213723,-1.0,-0.5172905576628358,1.0,0.04349198024626766,-1.3958282667333188
-0.6084674888933228,0.5074430725362991,-0.5923507041924156,1.0,1.0,-0.45482698865105764,2.563282311386266
-0.511113493757111,0.6242060963191918,0.13122555797330554,-0.06616798164237458,-0.7992244915781797,-0.9935753391265556,0.3013909194265647
-1.0,-0.5288792647342954,-1.0,0.2089067996272207,-1.0,-0.6750846141238496,-2.0001289716393673
-1.0,1.0,1.0,0.3062113206359568,0.4379165106051543,-1.0,-1.8973783672510616
0.12112988152070844,0.07975517481001704,-1.0,0.2313862828530323,1.0,0.5422949128312717,-0.07096130345972607
1.0,0.9841525189123413,0.7278194442439969,-0.521480914859377,0.2713005174877319,0.8918451342413547,-0.7325579317443378
1.0,0.5995630404960348,0.345005204910225,1.0,0.393830208273284,-0.2486602763046818,-1.4088751506986639
-1.0,-0.8876179596661764,0.5688525533436822,0.9509736310062884,0.23689130945385073,1.0,-0.01917313893149919
-0.48484640943505486,-1.0,0.3664815124666004,-1.0,-1.0,-1.0,8.915234538619284
0.47372427681965446,-0.6292727803933045,0.5337416243404356,0.9383545405030859,-1.0,0.5745002354868332,3.563385327675854
-0.39822100095681734,-0.672614740107458,-0.123108223613688,-0.6783565777945861,-0.8638358953435421,-0.04903963587978044,1.2990099008550602
0.6648141506402976,-0.29163309428385825,-0.4523288705119041,0.8495962272147738,-0.029481190022793813,-1.0,3.1792851921718537
-0.34647950811403605,-1.0,-1.0,-0.1315725571595891,-0.6886860924693745,-0.008352815928910129,-3.1627329019378916
-0.3470651719028529,-0.8406377271429768,1.0,-0.296212157212319,-0.5529141940938855,0.022207648521164594,0.3691340708346766
0.37298173833526665,-1.0,-0.8080407307551933,0.41569033738777716,0.48952732551381906,-0.2655648006642565,-2.1919132306301
-0.551765820984398,0.037654281504124976,-0.4568337276711816,-0.4867281428423491,-1.0,-1.0,-0.4122115558759437
0.3788566201233828,0.5960803197469696,-0.6125541846169051,-1.0,0.5273951692633775,1.0,6.167283629058753
-1.0,-1.0,-0.0007120920186713953,-1.0,-0.6148022572024269,-0.2357187466662416,-0.12151404585806902
-0.6418700142398099,0.25831407115240657,1.0,1.0,-0.8821158439842931,-0.4165257124962408,-2.030344431020537
1.0,1.0,0.8859026537882453,1.0,1.0,-0.7975035734495807,-3.96316240381472
-0.08900939511021344,-0.32080890787010663,0.04832607100256259,-0.3306013013593896,0.8683668251537465,0.7515566318304281,0.7900957815928245
-1.0,-1.0,-1.0,-1.0,-0.9656970400310732,-0.7124721889414969,0.7398877984599953
0.28644479198919587,0.5896597159103407,0.3093508568683583,0.0030987169663451164,0.9042044132829621,0.9969249778845278,3.02392218794143
-0.641545491081567,-0.25872848896206657,-0.2843268152791878,-0.17281962308542842,-0.5741898732371564,-1.0,1.0468812290746
-0.47773085335014615,-1.0,0.1601000999282658,-1.0,-0.4820641407089892,-0.12797071140356556,1.3708884649300996
-0.018257487587966525,-0.7185360656312563,-0.9827502151882819,-0.8414353673791508,-0.22635415251971547,0.6171306743978897,0.07108247112449642
0.724536267759137,1.0,-0.5689073206472429,-1.0,0.6389981977146273,0.3317282383204363,1.929859615317305
0.23143389781072554,-0.2735041914624154,-0.606050139437516,-0.8601600484943721,0.20068129929174294,-0.19103391385174967,-0.08047931551238807
0.9501736152234281,1.0,1.0,1.0,1.0,0.6774733270425608,-10.105969916696647
-0.15407781531185516,-1.0,-1.0,-0.08149515240617511,-1.0,-0.897620021264355,0.6328581046842437
-0.8465958693460803,0.7172253461006094,0.9957414651809894,0.6705481682898577,0.3134015905314879,-0.8094848413465019,-0.6023711000432416
-0.5622565219730336,-0.04685185068573156,-0.44116997145011916,-0.687811633901489,-1.0,-1.0,0.5232187648732868
0.26550746190068736,-0.34499035263496136,1.0,0.8093345537512353,-1.0,0.3061458496599342,0.3390158708718759
-0.6165718568065822,0.9454222348655108,0.812170245298125,0.08340464592851182,0.4399580028936593,0.6681580400998386,-2.0467111604359287
-0.17013559459396704,0.7402896001982772,-0.8138064058543164,1.0,-0.13146764979548453,-1.0,3.364036157102367
-0.17533822893584583,-1.0,-0.5891732890190386,-1.0,-0.8224685538418487,-1.0,6.196530527333114
0.10206279443894968,-0.3614831847822527,0.9471504660584187,0.06449612745974947,1.0,1.0,-0.994066251037392
-0.797604504354162,-0.4593667639993285,-0.5083561644893682,0.19467417128348669,0.853387024757601,1.0,5.870804871051624
-1.0,-0.99668794878837,-0.20085887783958323,-0.9592626141314482,1.0,-0.39586124288396524,3.567551054308489
-1.0,0.7519889562703217,0.3939976333878077,-0.7138784498156665,1.0,-0.5302900334306127,2.959902916966388
0.07346755295964094,1.0,1.0,0.23718357416610547,0.9932426167069459,-0.11725589210578294,-3.225158333265039
-1.0,-0.002584302144655104,-0.0632518336247187,-0.39887952985034497,0.1486531845239628,0.03622991125761238,0.032552096162619226
0.4030863517061133,-0.9722963747280103,-0.6014722925570026,-1.0,-0.6827476215861576,-0.4130180385221036,3.523294049334525
1.0,1.0,1.0,0.021853142152691962,0.4355890246968729,0.9254724894055917,-4.917555047355153
0.9799629234245963,-0.2345463931668329,-0.5458254016508874,-1.0,0.08795591794044982,-1.0,3.8628064060291
0.019161240564164073,-0.4142413458318908,-0.6793903583315329,-0.03040602241844509,0.10755706153732952,-0.1820727555051675,0.46084423176700406
-0.3279791629276056,0.2097086042908155,-0.5441597579843288,-0.16650382417790932,-0.7176448388627588,-0.6091581655932545,-0.7201722400771737
-0.45708065362256733,-1.0,-1.0,-0.0377784954747612,-0.7575158274937871,-1.0,1.7826677916100961
0.06654521130575353,0.22256976291891162,0.712136559123526,-0.07245372774067849,-0.0793841553783522,1.0,1.0588320284090513
-0.26282735002143287,0.4859758886602541,1.0,0.9902596456351351,-0.11342493529291964,-0.5331981708740359,-0.9227448854000543
1.0,1.0,0.5138233729755752,0.46080903480740965,1.0,0.3827004115162993,-3.7224074770158566
0.4461871219708148,-0.7232135283350174,0.7638772851723721,-0.3726068884130164,-1.0,-0.2797026497855051,4.330367813022133
1.0,-0.19239952464213483,0.4250534985240873,-0.21127274103445093,0.012701461648862045,-0.5952143485501826,2.849263233439219
0.31480297834341,-0.20253677241793727,0.18366853447684028,1.0,-1.0,-1.0,5.304966747808909
0.18531073997060762,-1.0,-1.0,-1.0,-0.6083157954204756,-1.0,4.407712011711666
-0.8576787248641855,-0.8457027500962211,0.44482250890681707,0.5121813352790132,0.007754843630291858,0.02508976483537817,0.8415317834985268
1.0,1.0,0.11137066760768977,0.21163132912708738,-1.0,-0.059493138792544364,2.009409706272338
1.0,0.596365164767527,1.0,0.7766210842820802,0.19176523329322848,-0.02231051544789131,-1.2951675794453787
-0.8280648909077739,-1.0,0.5282155106313674,-0.5360625242363721,-1.0,0.7209442396907609,-1.2647527554661389
-0.8032879545418571,-1.0,-1.0,-1.0,-0.13559266823247862,1.0,-2.5416824681651446
0.08598352137647192,0.2493423370205905,1.0,1.0,0.7603584966754688,0.952359012752817,-2.3268131605523448
-1.0,0.6677745834057843,1.0,-0.5993920423609284,-0.8138025232234297,-0.22910768867229753,-3.315991673870688
-1.0,-0.7896217723520486,-0.2560651269310277,-0.029617517803270488,-0.20866927898914783,0.5240784288826547,-1.8476034033586348
-1.0,-0.26418149000759295,-0.6543244304677024,-0.28482222557606796,1.0,-0.44240130713013914,2.0319042335610966
-1.0,-0.8380331070048694,-0.2733893981230393,-1.0,0.9410067398289907,1.0,3.3434710984715346
-1.0,-0.6146665847457475,-0.32269237260187805,-1.0,-0.13820202783875235,-1.0,4.624258582242564
0.4397852558476548,0.9919024567658284,0.5972599313738869,1.0,-0.9315931140677063,-0.11609649587899518,1.747784615311462
0.6759499611563411,1.0,0.5173410666574936,-0.822076106154852,0.7196485893916473,-0.391330680624406,-1.7380826625588597
0.6898987052093397,0.18447922509273407,0.8763625005863342,1.0,-0.2662289970790721,-0.19599549091581853,-0.14272843884050707
-0.35279237140951414,-1.0,1.0,-0.5938576980262329,-0.0665484858356038,-1.0,6.613765681489421
-0.7462497670466751,0.7230672449159821,0.7283434227381723,-0.9326259539804189,1.0,0.38336440437666097,1.526613507708894
1.0,-0.7094443553969859,-0.7982572177434941,-0.4395559213521129,-1.0,-1.0,7.460712938372923
-1.0,-1.0,-0.7004185496669475,-0.9239122873073893,-1.0,-0.19207359479192543,-0.07583781669401177
0.32908081903972763,1.0,0.40622027727850885,0.4943828556115124,-0.6817899862953557,0.34228366496682805,-0.36767289833276895
-0.554147824480357,-1.0,-1.0,-0.86894222934079,-0.07821065211224232,-0.2164859166449944,-4.449647702139304
-1.0,-1.0,-0.9697048637051313,-1.0,-1.0,-1.0,4.772111219516625
0.49902361889859703,0.731258889397534,-0.43828880114199203,0.5998239181502801,0.10678678381530493,1.0,3.7897193338436996
0.8292095194885278,1.0,0.028150748387522295,0.7919700623495636,0.2604216047174806,-0.39607436835756177,0.1781589200475575
0.06599514653119631,-0.26513428642778697,-1.0,-0.7516568952386954,0.011851339597457322,-0.26419176137712874,-0.09764115219975911
-0.8193766364897284,-1.0,-1.0,-0.4333819221515424,-0.7503401889350274,-1.0,2.1106300933641
-1.0,0.009699906914866774,-0.616119753607169,-1.0,-0.05019919590581157,0.49405147187992804,0.7069644198758337
0.027181798898668674,-0.2023582308156086,0.9387624248417654,0.21655757903423087,-0.9500622079516874,-1.0,0.5155450814612563
0.1806278926317566,-1.0,-1.0,0.5211312632811744,1.0,0.6460413700267731,-0.8329943004111339
-1.0,-1.0,-1.0,-1.0,-0.9447080743161901,-1.0,3.8429652707687056
-1.0,-0.20234661453551933,-0.0560427991598047,-1.0,-0.9607587404660474,-0.9223414657832971,0.32071845926730347
0.24798329459611265,-0.3464588954903882,-0.3456951312417462,0.07811303214919507,-1.0,-1.0,2.1555351372915714
-0.3253802819840148,-0.7638150123809924,-1.0,-1.0,-0.7307046675054463,-1.0,4.189480802891349
-0.8636988964069078,0.3238731278500005,0.8466613256449019,0.4740315296095081,-0.36423439737971336,0.40504544377250595,-1.8752018368895487
-0.3367569679948772,-0.9531965835936117,-0.5236807742702585,-1.0,0.27230780189175297,-0.7181457292037801,1.9490635781442913
-0.4776814515771832,-0.025200465032643615,-1.0,-0.5512789974590018,0.03832676738001051,-0.552333284362737,-0.7646350705279956
0.7473263020251172,-0.08039943200994504,0.3551910437222472,1.0,-1.0,-1.0,6.821873225161834
-0.18171324154986324,0.15274334158262437,-1.0,1.0,-1.0,-0.9525996277830486,0.3399836189363984
-1.0,0.577336559029307,-0.8652661846554559,-0.07385600537354403,0.45079412966403143,1.0,9.23027279842393
-0.5893784336259769,-0.290373971711796,0.717239357512417,0.25089410348090313,-1.0,-1.0,0.28538813221376375
0.719713274656641,0.24828740763401846,0.21803193655873176,0.8292770717678448,-0.007683092198956687,-1.0,5.608480002733082
-0.7980707216123508,-0.3435293754460383,0.9398066039078317,0.006968473945633935,1.0,-1.0,2.511811095118941
-1.0,0.29605614353030446,-0.18427791560960416,-1.0,0.6540138305792175,-0.42860238340846896,2.473869509124058
0.059100704058571485,0.20736228750602914,0.38263744454159576,1.0,-0.17864176737517684,0.21105329157179703,-0.059967780232445145
0.47527930877213476,0.13685650800218374,1.0,0.45847536287862367,-0.9937499529046767,-1.0,3.6771561292051764
-1.0,-0.9358627187952808,-0.5761790495079704,-0.4011218480525902,0.1864218345049604,-0.16635755218775994,-1.0392630565012566
-0.7249365959973817,-0.5975616879644103,-0.16382285723091217,-0.9173621829406072,-0.9315932537797675,0.24699549981305036,-0.008535481164681863
-0.6308209497166267,-0.5903495249986572,0.9450750319714496,0.11770824234375177,0.45650919015015423,1.0,-0.08034521265692113
0.39387592144838535,0.8107700176983021,0.6544765687617572,1.0,-0.5502717569412808,0.3262547011220993,-0.5763286569389787
-0.16756692176794358,-0.5273657367088387,1.0,1.0,-0.7380632751011357,-1.0,-1.2628286011801622
0.5256463811129725,1.0,-0.6700631998470931,-0.6500403998228763,-0.2066336523257033,0.277023906840146,2.259713843095293
0.47061399413907307,-1.0,0.37657103519485485,-0.9771781498705573,-1.0,-0.48308415745210254,10.360851379926824
-0.9714076321382286,-0.6821817776701009,-1.0,-1.0,-0.06899468746389889,0.5570873475528451,-3.6203906860115316
-0.320346777474962,-1.0,-1.0,-1.0,-0.8236191622113376,-1.0,5.164862521075025
0.23261802900394668,-0.9559836080438235,-0.0920524390295632,1.0,0.014410763515451674,-1.0,2.149983160657079
1.0,0.856304240243938,0.9222343207037005,-0.3545459208749847,-0.8911266004183492,0.6341037217143832,1.9872933130776298
-0.1446403458712821,1.0,-0.32454296596212484,0.37652003562755,0.9494386910641759,0.3830077439985179,3.3934683092710025
-1.0,-1.0,-0.31881450380666465,-0.6958512021568017,0.049900864615811225,0.0694528272114189,-0.971563867381271
-0.014846849641698467,0.7352401782463608,1.0,0.569704845472801,0.052785944622798286,1.0,-2.2769259349264663
1.0,0.19588272041581378,0.5476485950057941,0.10788234107041172,-0.23922493509331352,0.23498043831092633,1.013784815849786
-0.5684678603681372,0.34308488455803887,1.0,-0.8295564469113351,-0.8988334027655558,-1.0,-2.8383033049031017
-1.0,-1.0,-1.0,-1.0,-1.0,-0.9732660594976674,4.2144351941890585
0.4182941636731503,0.576435777268444,0.5489709514582377,1.0,1.0,0.6527390112863861,-1.8260508703344505
-1.0,-1.0,-0.3629096042788069,-0.7704632581950295,-1.0,-0.35593241164443046,0.8009938870655954
0.16325292638635658,0.6559971925343862,0.39518078999746187,-0.5159899268916248,1.0,-0.2759407034869415,-0.3835658657270206
-0.6929185208753195,0.281320230064953,0.3544977596057468,1.0,-0.46538808690312927,-0.5433418089895221,0.7338009568956229
0.7771091021933211,-1.0,-0.5585840778945845,-0.39203864471038885,-0.2975479324043706,0.13138349491854062,-0.531978785411888
0.35999414417251974,0.32610301923649976,-0.22695941196637046,-0.017207187864658746,0.13657558863209363,1.0,2.993579245096955
1.0,0.8210972449789693,1.0,1.0,0.7910346207804063,-0.06573513932667607,-5.462609642098618
-0.03480016059496205,-1.0,-0.5377498623152779,0.23576559478572734,1.0,0.04956735437283866,-1.4629155205303441
-0.6492553637934178,0.7008845801581176,1.0,-0.6655869779911576,-0.7623239515889733,-0.7746595163359353,-3.3444482976025567
0.19192210653169584,-0.8965953339585291,-1.0,-0.8813807824736883,0.45684102034717106,0.7177292165623137,-3.4690611003387652
-0.5526617649211505,0.6106108414545701,0.22491492329074436,-1.0,-1.0,0.18092934296773117,1.2741598058686083
-0.3553630393749726,-0.06182386719343824,0.4699373836316775,-0.10278201913379048,1.0,-0.10225427887989291,0.09616068741671102
-0.6066365538490205,0.8137790227177744,0.808522644336781,0.824790870363068,-1.0,-1.0,1.6628450500239833
0.9041053704348976,0.015650167082374877,0.99334594154289,-0.40319843960851887,-0.10089311501613074,0.045511258517814596,0.4064194413824363
-0.4455282216509562,-1.0,-0.12268253438301069,-0.3047117782963348,-0.467571705675325,-0.6030275638489921,0.45057381281778086
-0.22296834762509676,-0.651434122290382,0.8176506386961393,1.0,-0.26930775559502723,-0.7927678655533572,1.7073256423985854
0.019424000803573094,0.2992830534481715,0.4144320997699878,0.5542724981159171,-0.6246110367525464,-1.0,4.287138644224473
-1.0,-1.0,0.3564862799376338,-0.7070726444150632,1.0,-0.20046267533240525,5.012479514757349
-1.0,0.24187733184624544,-1.0,-0.6534317830588986,1.0,-0.21232079625157774,0.5057873476022752
-0.16876850449653719,1.0,1.0,1.0,1.0,0.3858000847116538,-6.780389177140402
-1.0,-0.29127664312923507,-0.49893045963454274,-1.0,0.22898213511756665,-0.38197867763691534,1.208603189910722
1.0,1.0,-0.1156745837685863,1.0,0.5860008679904914,-0.69559035845819,0.8698144105071008
0.5850820361014346,0.11618424887189871,0.46496678760530763,0.3389988871025993,1.0,0.516867443887528,-1.2561857327109536
1.0,-0.6847182085854769,1.0,0.4642028421655686,-1.0,-0.3193433657169663,8.212315308918031
0.9033455506792816,-0.6194421883391625,0.19523629637897244,0.4650628292117138,-0.6823111812115925,0.8773194686525878,3.9368355059448397
-0.10591325950945457,0.331094550681056,-0.10162375996738318,0.59820599999428,1.0,0.700336509532434,2.3271956056791225
-1.0,-0.4897608399244462,-1.0,-1.0,-1.0,0.22825235294840474,-1.8673542977969633
-0.2770645025094546,-0.38137464175335933,-1.0,0.6919533547856238,-0.424177097692792,1.0,5.151193264439758
-1.0,-0.27985850640223997,0.14690466566168117,-0.7925418317952067,-0.8906905369084575,0.670779869372877,-2.450570886746223
0.9844212180583235,-0.2354398544925127,-0.1235134544449284,-1.0,-0.014939167457325542,-1.0,5.527160400149892
-0.4760572862685134,-0.28049762781744897,-1.0,-1.0,0.049863546560630745,0.7239429182001111,1.2758499354967074
-1.0,-1.0,-1.0,-0.4590613335594551,1.0,-0.7774584864212848,-1.2180935339879162
-0.1596275852670755,0.8786518624566293,0.0061484295807605616,-0.8107055489136151,0.22997871131827452,-0.10762934209482644,-0.25317779334790075
-0.6021623232301521,-0.861969622417792,-0.7925729404477695,-0.08037542542935072,0.32712942442620496,1.0,3.519780497751201
-1.0,-1.0,-1.0,-1.0,-1.0,-0.22201041765044494,-1.9989440702923351
0.5814610867084679,0.5082837917676284,1.0,0.1516054220216124,-0.4480306341581599,0.13384595886927197,0.07160067432151987
-0.18735177732407715,-1.0,-0.16405204730387746,-1.0,-0.16753063308184224,0.0545395180209276,-0.8592147596726223
-0.272300718135061,-0.039575858189953794,-0.2349774433530275,1.0,-1.0,-0.6208403024938367,-0.37794991448605575
-0.05274324818552123,-1.0,-0.7803191038012528,-0.09675849211149368,-0.8232591372023527,-0.4190646502968705,-1.3078254942593055
1.0,1.0,0.4159658680096032,1.0,0.8022288002603076,0.47107269269933616,-3.487355940910137
0.9624541538314382,1.0,0.08072692033356033,1.0,-1.0,-0.30575508762358217,7.579158218275732
1.0,0.8119562565842915,0.051303128082844096,0.8858224687119569,0.42293425878425395,0.9398593555621182,1.416868709147862
0.6766165294906485,-0.5473690597371741,-0.4604285908113466,1.0,-0.2097690171607891,0.03484366123848892,0.4340103284499629
-1.0,-0.6813501995030401,-0.7043147638285373,-0.5934075594263258,-0.47069425550061206,-1.0,3.8736881618035612
0.27351665179377593,1.0,0.8386372981380135,0.6735768658772894,-0.19951966032841678,-0.5297603299798244,-0.6678953726923501
-1.0,-1.0,-0.11611554760705811,-0.20718509627860837,0.9912582351948829,0.6006274640458082,1.5761106836375267
0.4759529687487589,1.0,1.0,-0.11985330253672644,0.2680257987888414,0.26212610990401886,-2.8395619652850743
1.0,-0.03503815330588056,-0.913480293447652,0.0032071079015930787,0.7152300628069105,0.791144028980274,-0.8574548853046038
-1.0,-0.13332757335026565,-1.0,-1.0,-1.0,-0.431189490500623,-1.0504824569911206
0.7090829314625604,1.0,1.0,0.9810999617299128,1.0,0.5666549273050017,-8.306531079139951
0.27204890482338384,0.7634611266468774,0.24634382151289352,0.44166637559459665,-1.0,0.3373564819063457,1.1678044066316353
-0.8605729004367781,-0.3615430596949654,-0.2751835218095139,-0.6316905036875438,-0.41528786785629623,-0.3332859327674624,-0.19533849162016634
0.17966224955106413,1.0,0.6066373364802263,-0.10907599010153196,0.041471278133437095,0.41455516723642494,-0.6421753830427597
0.7507070132676197,1.0,-0.0016429515190786725,0.3590571872655215,0.23611201682981986,-0.4558934037224477,0.19237545745354456
0.5186119434185694,0.13170196888938562,-0.31915533130849505,0.6049264987510927,0.9059237091145759,-0.9589785050746336,-0.658901601319052
-0.037450100104510074,-0.26735988337262784,-0.3715550662417735,1.0,-1.0,-0.8554886107552226,1.4358715293492872
0.35416799678903366,0.00744003928588155,1.0,0.8932429823696291,0.4557239280952666,-1.0,0.23781701377717598
0.06609815998960222,1.0,1.0,0.04516310808472346,0.926883536606476,1.0,-1.6886400839246152
0.4466735468780904,-0.481771409422197,0.5387747007104723,1.0,0.8453303319189787,1.0,1.4285166798865538
-0.1459792961257867,0.8424500570386068,1.0,1.0,-1.0,-1.0,2.0586358876289124
0.03525745159319728,0.7836791211641511,1.0,-0.13067491935494485,0.1978428279453428,-0.4567847048224627,-0.2673016596537673
-1.0,-1.0,0.30110528153970617,0.22502683900305553,-1.0,-1.0,1.6560611243316625
-0.36350157561441526,-1.0,-0.9371509088637453,0.027593339457745725,0.39184422159954213,-0.6060310698963877,-0.48411509593162483
-1.0,-0.023856636166389666,0.9515773796078639,-0.5019018659841308,1.0,0.22477501844609393,-1.491861488874199
-0.31450518823339424,-0.765890902942266,-1.0,-1.0,0.15226863856031758,0.13532389640803777,-3.0706129031663223
0.6916937660075616,-0.22317424238564004,0.29052958254518435,0.18565583613274683,-0.5384461681082746,0.05035768983667904,1.2851953379615884
0.3094830699888715,1.0,0.7754013988852273,0.669589633180637,-0.8198694924339469,-1.0,2.3469754056831973
0.48657588365894844,0.7506610413834304,0.752661350739636,-1.0,0.1503594107569745,-0.06821308198853732,-1.9876975628154527
1.0,1.0,1.0,0.8531427377856851,-0.2833932805943642,0.4127579411750265,-1.6472456972295773
-0.34042236700996886,-1.0,-0.7179190528602396,-1.0,-1.0,-1.0,5.188280635903849
1.0,1.0,-0.2525279838810247,-0.6556886154373286,0.8711499784020877,-0.2981823942500714,-0.7003766047554011
0.6501734522630346,-0.8310436534209635,1.0,0.08790485449537769,-0.042578265981036756,1.0,-0.3797967990192772
-0.6968381939167088,-0.7181854590699313,-0.6887763858728944,-1.0,-0.4233892079593127,-0.3508445741448691,-0.7788921362137908
-1.0,-1.0,-0.3085200987855006,-1.0,0.480991284139537,1.0,-2.1961463136445296
-0.1431659876427379,-0.38212181117824834,-0.3558791501370515,0.570065667773695,-0.30250599801483136,-0.3552757059432239,-0.2799686838069594
0.20123435768266956,-0.3236925933151169,-1.0,-0.640361684527328,-1.0,-0.2336476011313262,0.3240280247856675
-0.6450324279286592,-0.17904847088334322,-0.331135147508404,0.42419180856906846,0.5094887735313509,-0.5489316122518697,2.371379994805661
0.6849474042281549,-1.0,-1.0,0.41148926206793135,-0.7566979610891059,0.26514965635610377,0.34897574213475563
0.5980718041252364,0.5514788856740914,0.26475103740063854,1.0,0.3696562184085869,1.0,1.2188035800925467
-1.0,-1.0,-0.39360766203033837,-1.0,-1.0,-1.0,5.221517763528063
-1.0,0.6797886270704514,0.8070251900402735,0.04266927400566255,-0.15215145381635412,-0.013888124431804316,-1.664720552492976
0.33252902777555216,0.4696279271317361,0.571068713142529,-0.2814785252195784,-1.0,-1.0,2.5363023420565556
-0.9990852129414368,-1.0,-0.6607682243571705,-0.5272528027113008,-0.8453427675143548,0.030856291708647968,-3.366424168863243
-0.7026064836708747,0.6313791095144694,-0.0584285452317527,0.7676455669597343,-0.9572859540028952,1.0,-0.7075079185900108
1.0,0.06936992061535774,1.0,0.044221147472705225,-0.005226802724198176,-0.6586818331220882,2.368378187202927
-1.0,-0.2190869546262637,-0.7286601748594925,-0.2932654303068698,1.0,0.9722622005511856,6.788357040345274
1.0,1.0,1.0,1.0,0.4902368599722133,0.6115889587005463,-7.898793296703924
0.17726187604578025,0.37998103643508796,0.5549358149507798,1.0,0.5861399460731908,1.0,1.8748858952759482
-1.0,-0.45496282411999645,-1.0,-0.07106219961219873,-0.8610357487339784,-0.5696661149209623,-3.2945112436319164
-1.0,0.021162770297340372,-1.0,-1.0,1.0,0.9357446831952296,8.904249510424544
-0.33840742578842126,-0.2932965354912116,-0.14981733679519393,-0.026650549174076055,-1.0,-0.3003120835788382,-1.3460835433012428
-1.0,-0.41695321788935114,-1.0,-0.4666280921971717,1.0,0.7540386057452043,2.825001676447433
-0.4565078611482081,0.17239830219809127,0.4856998975383132,0.9896777622095753,0.7582542491820103,-0.30301327239993314,1.503936726399209
0.7471552275003565,0.8540237665551058,0.2598958873091663,1.0,-1.0,-0.8210037108740516,7.875226904750008
0.617125026814259,1.0,-0.2848317428220815,0.8548987455344719,-0.9194065250146624,-0.07544475792175809,3.8600420094524392
-0.2149282683008048,-0.5393487133959032,0.09613111898665097,-0.021845953305198562,0.43093802841736273,1.0,2.403913269998805
-0.19407754485386475,1.0,-0.05373286653343512,1.0,1.0,0.6198271531266069,1.0343155547688885
0.36333188744118483,0.3059882673710742,0.7844326083390243,-1.0,-1.0,-0.10134183190118756,1.3623991357858856
1.0,1.0,1.0,0.5018275402773347,0.4343881198510918,0.14251253642817185,-4.711315136837837
-1.0,-0.8057901645099366,-0.21111576467169213,0.3343123025409005,1.0,0.36393532471283385,1.7684233574042083
1.0,0.548481667199001,0.07525022331536035,0.2699307683999039,-0.5477980750309801,-1.0,6.8701393398344255
-0.7919354678378685,-0.7411361765330781,-1.0,-0.4368603699266904,1.0,-0.25560734164708476,-3.2232580440569043
-0.5367402284571694,0.8721778480777469,0.7728240331388709,0.09513182217522786,-0.8424389258647236,-1.0,-1.0417067335461823
1.0,-0.429091888103183,0.12637901749306285,0.9248653519476221,-0.7724210545496375,0.3187584337522734,3.337641731455166
-0.5606675960015424,-1.0,-0.1485641917053382,-0.9717497059390918,-0.12182337486874317,0.3433313089170317,-2.054922546047606
-0.17698359179584078,-0.19749412313084946,0.48896988243022277,1.0,-1.0,0.029555496719448904,0.24855047748102993
-0.18703173526921768,-0.23785604360296386,-0.3236161926997273,0.4151321002667602,-0.6313092801892227,-0.717279318530802,0.8778832814480559
0.3940353557023574,0.48441287056464266,0.7404408949736869,1.0,1.0,0.13820547970450714,-2.6788067552960304
-0.7962902263045624,-1.0,-0.36345173920719825,-1.0,-0.36715637285223635,0.8279856454601189,-3.3774375575577733
1.0,1.0,0.5761344773528936,1.0,-0.34354633457871153,-0.5261401515735056,3.7109556105856982
-0.45240352783065074,0.6044906420280317,-0.3950792842227466,-0.38655611194342115,0.5369154304031658,1.0,7.0100325824687895
-0.2553286410702925,-1.0,0.8209370814978751,-0.27651926584900693,1.0,1.0,1.0456717971532195
-1.0,-1.0,-0.7316448593907843,-1.0,-1.0,-0.3759468621154203,1.0965488660568008
-0.45386523335493334,-0.8374473024567657,-0.39745915898163964,-0.02260089167163204,-0.1880052541741698,-0.24352340430410752,-0.22132288993858673
0.9182497897014222,0.1482712341061615,-0.9709234436528289,-0.657968921411243,-1.0,-0.38875667680975234,4.260511600071888
1.0,1.0,0.03716719118611267,1.0,-1.0,0.1693699301087117,5.820168329358647
0.004833488782605588,1.0,1.0,0.28430286362063517,0.6008368611991532,-1.0,-1.4490884931502266
0.6618541547735326,-0.5745795928093087,0.485717747375673,-0.07311225002984867,-0.06570401925862712,0.21146125135593208,0.6261227770388567
0.7552889494873003,-0.9792403307349837,0.9199024217368416,-0.7942875029603655,-0.13138548111473958,-1.0,9.156025382019306
0.08310070355970306,-0.4246244658993527,0.28531921172708724,0.027622643802939773,0.3625304598974529,-1.0,3.7386258311476386
0.7183356899875405,1.0,0.7274021268203749,-0.22371530740408263,1.0,-0.9004515414934393,-2.0390335824010832
-0.2741902149350741,-0.3748561037633092,0.7316642728295194,0.26794971169164117,-0.1830064213413118,-1.0,3.293315914365238
0.6764959035845972,1.0,0.44508547892752226,1.0,1.0,-0.6281073207257245,-2.1193178833361195
-1.0,0.09390809586661095,-0.04562492664203843,0.9864007544777406,-1.0,0.020802050194799207,-1.6191270182647155
1.0,0.48180806353616634,-0.9017868187490465,0.6059934723736072,-0.23122867460905483,-0.10708907022949621,0.9000299003508281
-0.6484478885999104,-1.0,0.47212318660496966,0.5500533322211147,-1.0,-0.9446207233397759,1.4050697541521715
0.11317446900016237,0.866164594555499,1.0,0.6392314673261794,0.5597052324740837,-0.48954462833133916,-2.1054328370581614
0.5474794157573981,-0.27414888185509645,-0.43815385146395747,-0.734389726500028,0.8126474224781018,-0.176659558407557,-0.79252724314231
-1.0,-0.6023951061079713,0.30350496986564524,-0.22203967115817425,-0.36287924005560024,0.3493474916958185,-1.7401274627432923
1.0,-0.4058152467148971,1.0,0.733472484498129,-0.25676011763690565,-1.0,5.84003004121407
-1.0,-1.0,-0.6877071536500053,-0.8982802027241517,1.0,0.517809823283319,-3.021299477716207
-0.2643859738928028,-0.23206265324102587,0.9292032422173331,0.7582624611477639,0.8777802842429165,1.0,0.6390554251412205
-0.19290276707976284,0.9242959725831111,-0.45318635274065167,-1.0,-0.1610484108189434,1.0,7.147329951182443
-0.24325004533884265,0.7821850696395483,0.33599378499542776,0.621664808007297,-1.0,0.4159940711368436,-0.6947206312029623
0.0228117403947653,0.010021184220036283,0.4883099557578995,-0.47208728918529685,-1.0,-1.0,2.6524753776186407
-0.33317612913481065,-1.0,-0.4971852276630011,-0.0891750260294959,1.0,-0.44182812898852464,0.06282228437712878
-0.012481282015551098,-1.0,-1.0,-0.04467299534296593,0.3437830051538242,-0.6556736313194417,-0.6924672213369134
0.27402145122646565,0.418379551105465,-0.28198057317734126,0.26080584937902446,-0.16930897095822373,-0.7846671791268943,1.1012740725588284
0.8695372008391427,-0.5293181580533384,-0.8314688580126182,0.4380560121546527,1.0,-0.2205554777092299,-2.277682663377605
1.0,0.40011306930406443,0.09936116254961802,1.0,-0.5433709834197509,-1.0,7.838533877280833
1.0,1.0,1.0,0.042625237472049715,0.9421255619825613,1.0,-5.544885829683129
-1.0,-0.2450796689059822,-0.07910783056028314,-0.1483562156928695,-1.0,-0.4257860757690186,-1.4671079724592817
-0.6062542388530177,-0.706306236391671,-0.16240096084809286,-0.07427557240991045,-0.7976935375840639,0.2533782307478217,-1.151893543055381
0.8916758155592244,1.0,0.7216185486725717,1.0,0.5269745171706102,1.0,-5.296675784102746
1.0,0.4858403141616243,1.0,-0.9107058138032535,-0.3311753442194705,-0.30568029181379475,0.9481736529601051
-1.0,-0.378154197359694,-0.6601929406814258,0.20579382809475133,-0.8174944716875661,-1.0,0.7494341539608363
-1.0,-0.13614506329421416,-1.0,-0.9754311229141697,-0.7667917235289591,0.43535550179495375,-0.7605381793021697
1.0,0.6797114094462078,0.5501456398285534,1.0,-1.0,0.8263583408130002,4.573271182376317
-0.4371583962657827,-0.5306959613228601,-1.0,-1.0,0.056633937387435676,-0.2976517502661986,-1.6827852353830772
-1.0,0.20106257248806714,-0.49028448143775233,0.5011291086263425,0.95406319720891,0.8652626507078811,5.955734765596802
1.0,0.8248424032592072,1.0,1.0,-0.1655681495691832,1.0,-3.2348250973837436
1.0,1.0,0.11111779524352228,0.1671056492966751,-1.0,1.0,6.950122671278066
-1.0,-1.0,-1.0,-0.3903002427302642,1.0,-0.46874007094064346,-3.2450258875317335
-0.6204747194721315,-1.0,0.6663933488902269,-0.07508125418692987,-0.8079157435082561,-0.0884452848701327,0.5717235426446114
-1.0,-0.17650818717292838,-0.002499647808041461,-1.0,-0.25666493428817794,-0.15468842126355126,0.1817676540836271
-0.6707433089524646,0.501566240190503,0.8059374621471389,1.0,-1.0,-0.00966603413008138,-1.1594288681899925
0.8345852412617141,-0.24695087404074512,0.9857615695117686,-0.6234983063279651,-0.28405060198626564,0.7501584234004846,-0.10408181726539334
0.22404924148535932,-0.14310958925662903,0.9514827985740514,0.8025234081250474,-0.685566833236445,-0.3599623034067998,0.41675553707813184
-1.0,-0.6681137915060147,-1.0,-0.732848504067322,0.7368279606563973,-0.2955122774767421,-2.8208815251032897
-0.8904226544830394,-0.9327929960986623,-0.7094583701494461,1.0,-0.5388583371544367,-0.722974696038798,-3.7455729875765713
0.31111964589000424,1.0,-0.6749072674412658,1.0,-1.0,-0.8416125178150587,6.6113925183652915
0.1970479131668711,-0.22465821521507312,-0.7737016546366363,-0.8579214612784369,0.6168328370958915,1.0,3.1320803674118665
-0.6612301583564084,-1.0,-0.6488206839765728,-0.576388180280397,1.0,1.0,2.724748174682142
-0.5496911190766492,-0.25087482021383173,-0.9888816272270605,-1.0,-0.3289704886422351,-1.0,2.589121061242536
-0.86967885112554,-1.0,-0.44280252716232277,-1.0,-0.3983093827802491,-0.7774128193886691,1.0337137682958784
0.1620271345297395,-0.7956544434534426,-0.906896071282381,-0.816411919048757,-0.42370265729707857,-0.8220965798291455,2.9462713429588714
-1.0,-1.0,-1.0,-0.6561653812629218,0.9625675567617223,1.0,0.8486735783320175
1.0,1.0,0.42098977747258814,0.3165081307550235,1.0,0.18865231348463202,-2.835385481553148
1.0,1.0,1.0,1.0,0.7041440886652839,-0.3259837383277667,-5.593768259603606
0.11663266035319722,-0.7634604407193106,-1.0,0.09535080624282133,0.5641563482425995,0.11625873803568892,-0.6835449947946629
0.5821041360845153,0.2709582510404079,0.3014914259490703,-0.9653083101627169,0.6338053261805976,1.0,3.040201129961885
0.5592704645423651,1.0,1.0,-0.4198700434524951,0.5143856145718466,1.0,-2.9704890544193843
1.0,1.0,1.0,0.5942691634592507,0.7603404047156076,1.0,-8.068172315863924
1.0,1.0,-0.5224869500539944,-1.0,-0.24086426875435119,-0.3969968381074445,2.676278340468562
-1.0,-0.9436944965433853,-1.0,-0.11014048300761248,-0.6876866314546057,-0.6058950076433236,-2.835283401492199
-1.0,-1.0,-0.7990745858775962,-0.6327035459353055,-1.0,-1.0,2.6597291980593982
1.0,0.7566689073609174,1.0,-0.3150250437412827,-0.30884373483723326,-0.824715930470095,2.3994870679981344
-0.7539913310005775,-0.6463881539484805,-0.2624523531623101,-0.06445024697370447,-1.0,-0.3597466160028861,-0.9419007102886086
-0.621067955788535,-0.9097603622157375,0.4198388736176868,-0.6180374490200811,-1.0,-1.0,3.3723280906659063
-1.0,0.14172697912489607,-0.5921415195975681,-0.1773393823002678,1.0,0.06579434136050454,0.9892374823761133
-1.0,-1.0,-0.48657038313124584,0.5071529515719506,-1.0,-1.0,-1.986984004531317
0.35273475743770233,-0.7473741631788454,-0.2996197446616225,-0.08538056260487137,1.0,0.12072927136622824,-1.4787367957236612
0.9383608145797611,0.9424751992784661,0.13521535059275713,1.0,0.31859664852198,1.0,0.7694295663023323
-0.6516915388081228,-1.0,1.0,-1.0,-0.7955578155084301,0.25837374450467476,1.5492154044431017
-0.1713987716281158,-0.7327522465723268,-1.0,-1.0,-1.0,0.06780550664858306,0.8120924562540491
-0.7532644828226385,-0.016343672961060096,0.30636613973030147,0.8482738799604997,1.0,-0.17165594917016838,3.5943272944650744
-0.3466047352292022,0.764477899622564,0.2170811998608695,1.0,-0.4887155043143459,-0.14860159753552238,-0.44948574255457513
-0.8055665642580381,-0.884325234552057,-0.3934150877200455,0.01992788105046983,-0.6009776090134282,-1.0,0.5077455694982849
0.5197711445517811,-0.09873999630823727,0.8275896883207907,0.020684530421509334,1.0,0.804876054328578,-3.220588035211378
-0.5589891227128048,-0.8353942529046957,0.06225966393933613,-0.3734704875954087,-0.9332498796959587,-1.0,3.028377087646577
0.6443937397085528,0.7977917266148775,0.8195842694384781,-0.22115754279347302,0.19810763575214846,0.6314430204017247,-1.4272996137866758
1.0,0.44543828503913685,-0.043949578576281456,0.09897045070936439,-0.13137868961572352,-0.6286829987186645,1.9603479285195173
-0.497630568745999,-0.8455960079544395,-0.37106046676564536,0.6151119514369703,0.3924964113205075,-0.9244152272695086,2.252003318298937
0.9634344205080797,-0.3165942760677219,-0.767983506996385,0.8381829360212838,1.0,-0.9675251578440791,-4.13394650012775
0.23614513585483898,-0.8228145777819247,-0.054444183325174145,0.7803633754311096,-0.11722428109187266,-1.0,2.7821470601264418
-1.0,-1.0,1.0,-0.13755908382173504,-0.14437877603649096,-1.0,6.324815379072086
-0.6587765323057762,0.623035532124373,1.0,0.22759318933057418,1.0,-0.8729208509156194,0.2169044711484637
-1.0,0.18129562414525957,-1.0,-1.0,-0.30456141224109823,-1.0,3.1477279690719904
1.0,1.0,1.0,0.34515711846173636,0.69745072758796,0.9050181961617818,-6.701831898252157
-0.262225681496256,-0.6087508186845131,-0.6930730625085723,-1.0,0.4495138444847713,-1.0,3.9659847291899224
1.0,-0.1902740173540025,-0.1789509506420054,-0.5187291623387466,0.9617095557083961,0.47920074590225026,-1.5371089924589927
-0.22110827463399818,-1.0,-0.9381556313947357,0.24698833356931427,-1.0,-0.722885361364914,-1.412406907690651
0.892147482262942,0.8442348449921906,0.4997136739802095,-0.3673908803377903,1.0,0.41795186604467527,-2.3804338090926023
-0.8779710038217574,-0.4731942308645265,-1.0,-1.0,-1.0,0.1826247812138707,-1.732294825262163
0.26573260882910876,1.0,0.6379042748668868,1.0,0.02073308457850409,0.2812868699613903,-2.352129745503123
-0.555262737282814,-1.0,-0.42303326927033824,-1.0,0.7873312379996005,0.909686233394556,-0.17328578667267147
-1.0,0.5063316684107424,-0.0014799979205933067,0.8721519961953428,0.019858442084141004,1.0,-0.41934762247402513
1.0,-0.4447897036280457,0.14994673259547997,0.7941149809342233,-0.4864301479608688,-0.9401849548084308,6.918678520558813
0.9257122917380295,-0.05414965024209442,0.7316779012945784,1.0,0.5425410161437743,1.0,-1.785603776316728
-1.0,-0.5798733739178332,-0.5864491998035084,0.3573653801247451,0.982696817072688,0.9126415876266005,5.7135589457635145
-0.9861704259844941,0.8150366911204957,-1.0,-0.20197799545747652,0.5600233054420942,0.0644556692773739,2.7708762139923158
-1.0,-0.5609726792348708,-1.0,-0.479984468187898,1.0,0.3184482920595334,-1.1312750210945348
0.03324468059197029,0.11919206914299313,0.611753995699954,0.4183569179401412,-0.3124118108821503,-1.0,4.051705548143764
-0.45558466318869517,-0.5292821607271232,-0.20748549414995301,0.5024911090331952,0.07876759561285113,-1.0,1.831973229950981
0.2641224696905793,0.11542985662737731,1.0,1.0,-0.037126774324459544,0.3807971189847752,-1.8859255310346557
0.17910366988913679,-0.36509009610548115,-0.15015202823952178,-0.8729968564339615,-0.7113866294212435,0.6417353542079789,2.461921727862448
-1.0,-1.0,-0.6707419416059033,-0.8020651366860081,-1.0,-1.0,3.3473398892762836
-0.024147353547644634,-0.7544170320333697,0.6304221627607299,0.28964580490841185,1.0,1.0,1.8461402712543384
0.7112356449885624,-0.4918753310689441,1.0,-0.037040737928357825,0.7790057390147115,0.24330286667527257,-2.8151097311176585
-0.9390075052124142,-0.0032258914332627953,-1.0,-1.0,1.0,-0.31022934725321516,-0.8014475033565505
-0.403199888087454,-0.5352158777527917,-0.02958345368497195,-0.7669374679869198,-1.0,-0.46554675655878663,1.6775358978670734
-0.22972391287754546,-1.0,-0.7900212151836189,-0.4934981480380979,0.97894648319636,-0.14784944268864827,-2.0528931763525766
1.0,0.6330308605219199,-0.24055908002882576,1.0,-0.08194705981710909,-0.645576605519566,2.714091900031797
1.0,1.0,0.22333773767896445,1.0,0.45557725350030776,1.0,1.0723391773253608
0.21343073880926422,0.16616940206497244,-0.5913182631803068,1.0,-0.8694702530530557,0.09323298754197734,0.6609150187542255
0.10489168368746907,0.026609551246446456,0.5260064539626572,-0.2935809591233318,-0.2534929761785474,-0.21310868800831984,0.7636261047926809
0.08388559374940827,-0.8360545131924675,-0.3459472973013922,-1.0,0.2180281547485622,1.0,0.38635207300450614
0.14182172640812762,-1.0,0.1572375767894889,-0.9982391994723607,1.0,1.0,1.4761472781826992
1.0,1.0,0.33473421859050867,1.0,-1.0,0.5387994387639887,5.154277537692036
0.6547675750641005,-1.0,1.0,-0.017697728188324935,0.18623443148796592,-0.233049336147386,4.339027334981025
-0.24196662547304248,0.7533680178910579,-0.43795041043253,-1.0,-0.16583900944594987,-0.5175583578904805,-0.5153101175076791
-0.38325998979890075,-1.0,0.15664810336191237,0.45598145565155446,0.3088300024115236,0.5915326682875478,1.0362212619130744
1.0,0.8263543557549291,0.9697808128596382,-0.11481701562167324,-0.19352467711577892,0.1185768298942913,0.07109728941895671
-1.0,-1.0,-1.0,0.028831499687747564,-0.5698400771347352,-0.6035585620879653,-2.2949372815223117
-0.5824848264716969,-1.0,0.7671980682518386,-1.0,-0.4592015425747978,1.0,-1.8376353502469793
-0.03401681857342742,-0.6244636022618878,-0.02480874251326909,0.28932457747070817,0.8423871246969002,1.0,2.9379457584024706
-0.5942544478158468,1.0,0.26798641442097815,1.0,1.0,-0.42452931294381013,-0.1512862788196955
0.49941780831179994,-0.0958576420287387,-0.030675728879386965,0.0005732206414420099,1.0,-0.22436339005111716,-1.3440675742083361
-0.9917223864210972,0.08952484101181568,-0.475191170456144,0.09343541689304646,-0.3389888224032595,0.042376196853786935,-0.5380988838102825
0.147272520556454,1.0,1.0,0.8555357274547162,0.08865668725306364,-0.7387654579176638,-1.2889679378172492
-1.0,-1.0,-0.915389992105943,-0.9179592264773464,0.7430648708487351,0.5532618521615364,-5.126753227939123
-0.6329791032359771,-1.0,-1.0,-1.0,0.0717927229650972,-0.09261877355815518,-6.604343246196436
0.9439475812464492,-1.0,-1.0,-0.5620749855913764,0.25563257917696397,0.11500683009330537,-2.436146244767511
0.03813883174607674,-0.14431224651368102,-0.4910305023878586,0.11003796516532449,-1.0,0.20583026285923792,-0.34300112349843837
-1.0,-0.44111591986498405,0.2833079346251529,0.0629628148770941,1.0,0.00811862832202212,2.4236589213030637
-0.7268220504747656,-0.148249294733243,-1.0,-1.0,-0.34190226355469366,0.10882374524569949,-2.0780742878816523
1.0,0.11006539836584617,0.7388609947884248,0.30180670635263934,0.39735271167409936,1.0,-2.2284598853158375
1.0,0.8218563714568224,1.0,0.08057600983148627,0.5617587065110885,0.3635300571249246,-3.7067123239247044
-0.2329572957939131,-0.013870924399425832,-1.0,0.39279273104770385,-0.22172252344609794,0.344447905673926,0.03818803609687027
-1.0,-0.46519038842037164,-1.0,-1.0,1.0,1.0,6.976875626807957
-0.6310095424554689,-1.0,-0.49715148081644367,-1.0,-0.025061293381382965,0.4715966198557069,-2.7932140575275715
-0.47058821714952404,-0.6706147319111457,-0.2876379662434463,-0.27072133657158826,-1.0,-0.5452670680785513,0.7880543977024378
-0.09679749293063816,1.0,-0.933743374978498,-0.7218245130999499,0.11094349967170342,-1.0,2.7153653553350168
-0.6366982988469325,0.5744000459301658,-1.0,-0.4835765608114143,-0.7347110171678379,0.718786971767434,3.0041350290240176
-0.9966691557217775,-1.0,0.7118143599977503,0.5776199546531018,0.07689834016842667,0.09046202278696414,1.3252961315209366
0.2544997467346272,0.6014090918722709,-0.502239252744463,0.938434965029259,0.8564818444478186,0.3112908247622129,0.39437802303244185
0.6961680844031197,0.7342629179761595,0.18033164220101117,0.6412324617657322,0.7078273484186008,0.31464751825655246,-0.8175145763485842
0.8035581385259198,-1.0,-0.38532294299579867,0.05644809683883212,-0.9065459847314925,-0.7519986517738698,4.725646976929136
0.9011568609889642,1.0,-0.08152804421111697,1.0,1.0,-1.0,0.2272908215234364
-0.7617776581688683,0.7932864578212899,-0.19649303140178298,-1.0,0.13628728756398778,1.0,4.701621360459221
-0.23888621743456476,-0.6536440962270992,0.4457566413677061,1.0,1.0,0.3245548726752925,-0.16747346399669727
0.06638554206265801,0.36593757434093593,0.3603930063080877,0.2534326258438355,-1.0,-0.0659782330033388,-0.1995259619176713
0.40540432970518187,0.26782415410865107,0.2789791023921012,0.14072773505995118,-1.0,-0.8091969530149062,3.075668341275542
-0.27331100387532237,0.7574936393854634,1.0,0.767161800447707,-0.18760263665847976,0.6166069198053944,-2.7368962136202115
-0.9118903886626549,0.36343237628070374,-0.00980580752802962,-1.0,1.0,0.5107326349926287,5.350349178557453
0.5128054716624253,0.7356519629251606,0.3416280471840303,0.3686723967506682,0.19037450750224894,-0.6377896907323187,1.3038613624028783
-0.06450074740353884,0.5271515856584601,-0.9473844834584491,-1.0,0.2979865444875833,0.4879672564472095,2.5638098571040526
-0.24222992974741497,-1.0,0.052351170298189476,-0.07305116705366055,0.37300932017263333,1.0,1.8479185624690222
1.0,1.0,0.338179839042722,0.20396477939841118,0.2527395022614602,0.7779201339152974,-0.6122705125186501
-0.49326911892254527,0.5404892506696869,-0.35233003873826263,0.526109501788478,-0.5698114204449986,-0.4892650619942853,-1.156744455496882
-0.9411056063062306,0.4818104398836874,0.5888086328684914,-0.4313474385091574,-0.6626292885124847,0.04410425973318294,-1.0378663659500527
0.9627303047483915,1.0,1.0,1.0,0.4440540232908916,-0.34746606748728426,-3.9547071717732916
0.02722238736540339,0.43868921361674906,-0.8400740405851764,-0.5906539987291008,0.2940186808117722,1.0,7.804702202596227
-0.19526499891515983,-0.5985435420499039,-0.7350911537914718,0.27759750686001916,0.6783448924989662,1.0,6.021382881337234
0.6822471683340667,-0.7499969194457398,0.7563602445712369,-0.5724333879444161,0.23551721577712054,1.0,-0.8684525129381742
0.21085095729530368,0.8907255152865959,1.0,0.3486916261241336,1.0,-0.24640129463999338,-2.504860540563014
-0.9071849325832173,-1.0,-0.05911067203184173,-1.0,-1.0,0.44819858162262893,0.37367534177434125
0.7005397169494056,-0.5355250953412309,0.9695322834322819,-0.06581269708605197,0.8805733840632464,0.5678420941130511,-3.631749072480165
1.0,0.36474003796594756,0.622366585006177,1.0,0.17030015392225462,0.43803355500691366,-2.169974478905999
-0.40099563496451296,-1.0,-1.0,-0.471407926691777,1.0,0.9448552873367138,0.9479704781618723
-0.8243425422714091,-0.11616878488910132,-0.014631329530013393,-0.8604991945632536,-1.0,0.02782479789185155,0.33773914220212387
0.6557336210433915,-0.190138793560646,-1.0,0.10053562160593577,-0.9300137785571675,-0.3213796888949375,2.367196507767145
1.0,0.13406094878536057,-0.17165264119748536,1.0,1.0,1.0,1.2401669882401942
0.6811445470301646,-0.7887416936190542,0.27197775094613147,-1.0,-0.05305320645261846,-0.6053254364139534,5.160616440776057
-0.44295491898644856,-1.0,-1.0,-1.0,0.9886463077389093,-1.0,2.5515879486967226
0.6765932806377564,1.0,0.2555520339173818,0.9084282348285162,-1.0,0.23337930638745372,4.245371928381495
1.0,-0.4384311738072877,-0.24024648143095717,0.30854395584650607,-1.0,-0.05360889542595365,3.575395097872169
-1.0,-1.0,0.8792927044793611,0.02125529320511202,-0.313348647798799,1.0,-1.6593528938226432
-1.0,0.40022250264735554,0.29584647367619077,-1.0,-1.0,-1.0,-1.7569052247476633
0.7299912699342674,0.9772113118824394,0.8369779715711682,0.9886049571691599,-0.15340821554922485,0.3854991516528187,-3.212584019987559
-1.0,-1.0,-0.14839907091907234,-1.0,0.09150905831073741,0.43914805154411446,-3.6639973447989367
-0.6087431518543793,-0.7723147314987822,-0.2949464085661364,-0.9110348693902646,0.39616919227002234,1.0,0.29637158353417603
-0.9135907418239676,-1.0,-0.14609305641096215,-0.4099186102559028,-0.765571651832721,0.3568781892456445,-2.5464546461629536
-0.1006710641880404,-0.9424119520929501,-0.14494984596063465,-1.0,0.10789501529825846,-0.793438867042455,3.11218934996437
1.0,1.0,0.11902536914043882,1.0,0.07685376191323112,0.0601322477817367,-0.3819228611671187
-0.7715981899329261,-0.1505787911173675,-0.23726124642871071,-0.9997402931801758,0.0843943388096724,-0.3915396986704397,0.4850415386026721
1.0,0.07203402923060698,0.4224602766004233,1.0,0.9027627844961542,1.0,0.10668874227602212
-1.0,0.02551346368378285,-0.27351710971892507,-0.5075762921263272,-1.0,-1.0,-1.2309772764298152
0.19256682996437569,1.0,0.4170163179977646,0.9807730938744459,1.0,0.6012573674525103,-2.3187418148650614
-0.020605006837311257,-1.0,0.5705609688977622,-0.763335163702477,-0.9496100360850777,0.9539206034348457,4.909590458759044
0.5746438652838188,-1.0,0.15924982568611168,-1.0,-1.0,-1.0,14.119553764448856
-0.5076211590759099,-0.22731021504946747,0.41409651386028584,0.09776783880114248,0.8128333077572771,0.1406648220095854,0.08416532535905252
0.44522161646588043,-0.18402163163583835,-0.8861154702910305,-1.0,-1.0,-0.5438615232154678,2.3904833465011954
0.9699918397268414,0.11352707790038541,0.1740101894716472,1.0,1.0,-0.3059865545315796,-2.3882881538720673
0.487845183305313,-0.2810889037854554,-0.5419716978918185,0.5464141259010902,-0.7231046591066812,0.7237597742301044,3.377986362056884
-0.0844855519103539,-1.0,-0.8883433521688868,0.5966355241970025,0.2018050009504827,1.0,3.6701263013232373
1.0,0.9814839739084347,0.9481154508538658,1.0,0.6030740945211659,1.0,-8.859087450529579
0.13175075137504755,0.4744315634804812,1.0,0.8624023516047521,-0.013850928395650053,-0.36352456836035146,0.055899814495456945
-0.5388951945998003,-1.0,-0.10619751985210985,1.0,-0.9320754258580899,0.3728803888634913,1.6563474694357854
0.23505015435670062,0.2515773018815992,-0.039862777482041145,1.0,-0.5654556434574061,0.6101317500448838,2.237239489723648
-1.0,-0.730807551534215,-1.0,-0.4121197499675642,-0.2021195760113883,-1.0,4.417283405884949
1.0,0.7581511650774413,0.02934902230883185,1.0,-0.9588165129215591,-1.0,10.065078579314918
